-- MySQL dump 10.13  Distrib 5.5.41, for debian-linux-gnu (x86_64)
--
-- Host: localhost    Database: hbpds
-- ------------------------------------------------------
-- Server version	5.5.41-0ubuntu0.14.04.1

/*!40101 SET @OLD_CHARACTER_SET_CLIENT=@@CHARACTER_SET_CLIENT */;
/*!40101 SET @OLD_CHARACTER_SET_RESULTS=@@CHARACTER_SET_RESULTS */;
/*!40101 SET @OLD_COLLATION_CONNECTION=@@COLLATION_CONNECTION */;
/*!40101 SET NAMES utf8 */;
/*!40103 SET @OLD_TIME_ZONE=@@TIME_ZONE */;
/*!40103 SET TIME_ZONE='+00:00' */;
/*!40014 SET @OLD_UNIQUE_CHECKS=@@UNIQUE_CHECKS, UNIQUE_CHECKS=0 */;
/*!40014 SET @OLD_FOREIGN_KEY_CHECKS=@@FOREIGN_KEY_CHECKS, FOREIGN_KEY_CHECKS=0 */;
/*!40101 SET @OLD_SQL_MODE=@@SQL_MODE, SQL_MODE='NO_AUTO_VALUE_ON_ZERO' */;
/*!40111 SET @OLD_SQL_NOTES=@@SQL_NOTES, SQL_NOTES=0 */;

--
-- Table structure for table `hb_ads`
--

DROP TABLE IF EXISTS `hb_ads`;
/*!40101 SET @saved_cs_client     = @@character_set_client */;
/*!40101 SET character_set_client = utf8 */;
CREATE TABLE `hb_ads` (
  `id` int(10) unsigned NOT NULL AUTO_INCREMENT,
  `order` int(11) NOT NULL,
  `enable` int(11) NOT NULL,
  `image_url` varchar(300) COLLATE utf8_unicode_ci NOT NULL,
  `target_url` varchar(300) COLLATE utf8_unicode_ci NOT NULL,
  `name` varchar(300) COLLATE utf8_unicode_ci NOT NULL,
  `created_at` timestamp NOT NULL DEFAULT '0000-00-00 00:00:00',
  `updated_at` timestamp NOT NULL DEFAULT '0000-00-00 00:00:00',
  `asa_id` int(10) DEFAULT NULL,
  PRIMARY KEY (`id`)
) ENGINE=InnoDB AUTO_INCREMENT=9 DEFAULT CHARSET=utf8 COLLATE=utf8_unicode_ci;
/*!40101 SET character_set_client = @saved_cs_client */;

--
-- Dumping data for table `hb_ads`
--

LOCK TABLES `hb_ads` WRITE;
/*!40000 ALTER TABLE `hb_ads` DISABLE KEYS */;
INSERT INTO `hb_ads` VALUES (6,0,1,'/uploads/2015/05/21/BmytMoWV7hCI6zut.jpg','','1','2015-05-21 07:55:54','2015-05-21 12:05:49',NULL),(7,2,1,'/uploads/2015/05/21/7EpHYHWqrEe7UIWV.jpg','','2','2015-05-21 08:04:43','2015-05-21 12:06:15',NULL),(8,3,1,'/uploads/2015/05/21/p1nv4zSKOjhbIaKE.jpg','http://182.92.64.86/artwork/9','3','2015-05-21 08:08:07','2015-05-21 08:08:07',NULL);
/*!40000 ALTER TABLE `hb_ads` ENABLE KEYS */;
UNLOCK TABLES;

--
-- Table structure for table `hb_art_atts`
--

DROP TABLE IF EXISTS `hb_art_atts`;
/*!40101 SET @saved_cs_client     = @@character_set_client */;
/*!40101 SET character_set_client = utf8 */;
CREATE TABLE `hb_art_atts` (
  `id` int(10) unsigned NOT NULL AUTO_INCREMENT,
  `att_id` int(10) unsigned NOT NULL,
  `art_id` int(10) unsigned NOT NULL,
  PRIMARY KEY (`id`),
  KEY `hb_art_atts_art_id_foreign` (`art_id`),
  CONSTRAINT `hb_art_atts_art_id_foreign` FOREIGN KEY (`art_id`) REFERENCES `hb_artworks` (`id`) ON DELETE CASCADE
) ENGINE=InnoDB AUTO_INCREMENT=82 DEFAULT CHARSET=utf8 COLLATE=utf8_unicode_ci;
/*!40101 SET character_set_client = @saved_cs_client */;

--
-- Dumping data for table `hb_art_atts`
--

LOCK TABLES `hb_art_atts` WRITE;
/*!40000 ALTER TABLE `hb_art_atts` DISABLE KEYS */;
INSERT INTO `hb_art_atts` VALUES (11,37,9),(12,38,10),(13,39,11),(14,40,12),(15,41,13),(16,42,14),(17,43,15),(18,44,16),(19,45,17),(20,46,18),(21,47,19),(22,48,20),(23,49,21),(24,50,22),(25,51,23),(26,52,24),(27,53,25),(28,54,26),(29,55,27),(30,56,28),(31,57,29),(32,58,30),(33,59,31),(34,60,32),(35,61,33),(36,62,34),(37,63,35),(38,64,36),(39,65,37),(40,66,38),(41,67,38),(42,68,38),(43,69,38),(44,70,38),(45,71,38),(46,72,38),(47,73,39),(48,74,40),(49,75,41),(50,76,42),(51,77,43),(52,78,44),(53,79,45),(54,80,46),(55,81,47),(56,82,48),(57,83,49),(58,84,50),(59,135,51),(60,137,52),(61,138,53),(62,139,54),(63,140,55),(64,141,56),(65,142,57),(66,143,58),(67,144,59),(68,145,60),(69,146,61),(70,149,63),(71,150,64),(72,151,65),(73,152,66),(74,153,67),(75,154,68),(76,155,69),(77,156,70),(78,157,71),(79,158,72),(80,159,73),(81,160,62);
/*!40000 ALTER TABLE `hb_art_atts` ENABLE KEYS */;
UNLOCK TABLES;

--
-- Table structure for table `hb_artworks`
--

DROP TABLE IF EXISTS `hb_artworks`;
/*!40101 SET @saved_cs_client     = @@character_set_client */;
/*!40101 SET character_set_client = utf8 */;
CREATE TABLE `hb_artworks` (
  `id` int(10) unsigned NOT NULL AUTO_INCREMENT,
  `art_code` varchar(20) COLLATE utf8_unicode_ci NOT NULL,
  `art_author` varchar(200) COLLATE utf8_unicode_ci DEFAULT NULL,
  `art_name` varchar(200) COLLATE utf8_unicode_ci NOT NULL,
  `art_size` varchar(50) COLLATE utf8_unicode_ci NOT NULL,
  `art_material` varchar(40) COLLATE utf8_unicode_ci NOT NULL,
  `art_age` varchar(20) COLLATE utf8_unicode_ci NOT NULL,
  `art_price_hkd` double(20,2) DEFAULT '0.00',
  `art_price_rmb` double(20,2) DEFAULT '0.00',
  `author_sumarry` text COLLATE utf8_unicode_ci NOT NULL,
  `art_inscription` varchar(100) COLLATE utf8_unicode_ci NOT NULL,
  `art_tizhi` varchar(100) COLLATE utf8_unicode_ci NOT NULL,
  `art_mark` varchar(100) COLLATE utf8_unicode_ci NOT NULL,
  `art_seal` varchar(100) COLLATE utf8_unicode_ci NOT NULL,
  `art_collection_seal` varchar(100) COLLATE utf8_unicode_ci NOT NULL,
  `art_publish` varchar(200) COLLATE utf8_unicode_ci NOT NULL,
  `art_annotation` varchar(1000) COLLATE utf8_unicode_ci NOT NULL,
  `art_signature` varchar(200) COLLATE utf8_unicode_ci NOT NULL,
  `art_phase` varchar(500) COLLATE utf8_unicode_ci NOT NULL,
  `art_reference` varchar(200) COLLATE utf8_unicode_ci NOT NULL,
  `art_record` varchar(100) COLLATE utf8_unicode_ci NOT NULL,
  `art_exhibition` varchar(100) COLLATE utf8_unicode_ci NOT NULL,
  `art_source` varchar(100) COLLATE utf8_unicode_ci NOT NULL,
  `art_lot` varchar(10) COLLATE utf8_unicode_ci DEFAULT NULL,
  `begin_price_hkd` double(20,2) DEFAULT '0.00',
  `end_price_hkd` double(20,2) DEFAULT '0.00',
  `begin_price_rmb` double(20,2) DEFAULT '0.00',
  `end_price_rmb` double(20,2) DEFAULT '0.00',
  `art_sumarry` text COLLATE utf8_unicode_ci,
  `art_dynasty` varchar(20) COLLATE utf8_unicode_ci NOT NULL,
  `art_description` text COLLATE utf8_unicode_ci NOT NULL,
  `is_liupai` tinyint(4) NOT NULL,
  `lang` tinyint(4) NOT NULL,
  `created_at` timestamp NOT NULL DEFAULT '0000-00-00 00:00:00',
  `updated_at` timestamp NOT NULL DEFAULT '0000-00-00 00:00:00',
  `asa_id` int(10) unsigned NOT NULL,
  PRIMARY KEY (`id`),
  KEY `hb_artworks_asa_id_foreign` (`asa_id`),
  CONSTRAINT `hb_artworks_asa_id_foreign` FOREIGN KEY (`asa_id`) REFERENCES `hb_asas` (`id`) ON DELETE CASCADE
) ENGINE=InnoDB AUTO_INCREMENT=74 DEFAULT CHARSET=utf8 COLLATE=utf8_unicode_ci;
/*!40101 SET character_set_client = @saved_cs_client */;

--
-- Dumping data for table `hb_artworks`
--

LOCK TABLES `hb_artworks` WRITE;
/*!40000 ALTER TABLE `hb_artworks` DISABLE KEYS */;
INSERT INTO `hb_artworks` VALUES (9,'1941年作','張書旂（1900-1957）、許世英 （1873-1964）','花鳥、行書','18×50cm. 約0.8平尺','水墨、設色紙本 成扇','',0.00,0.00,'','','題識：正面：箸青先生正之 卅年春月書旂； 背面：箸青吾兄正教，弟許世英錄于渝樓。 莊嚴（1899﹣1980）題簽條：許靜仁宇張書旂畫扇面，莊嚴署。鈐印：莊嚴（白文）','','鈐印：正面：書旂畫（白文） 背面：靜仁（朱文）','','','','','','','','','','343',10000.00,20000.00,8100.00,16200.00,'<p>張書旗（1900-1957），原名世忠，字書旂，號南京曉莊、七爐居。室名小松山莊。浙江浦江人。曾任南京中央大學教授，抗戰期間去美國創辦畫院，講學作畫，後定居三藩市。勤于寫生，工于設色，尤善用粉，在染色的仿古宣紙上，用白粉蘸色點染，計白當黑，手法巧妙嫺熟，極見生動，畫風濃麗秀雅，別具一格，與徐悲鴻、柳子穀三人被稱為畫壇的『金陵三傑』。其作品曾被美國總統收藏。其取法于任伯年，作花鳥喜用白粉調和色墨，畫面典雅明麗，頗具現代感。又得高劍父與呂鳳子親授，形成色、粉與筆墨兼施的清新流麗畫風而獨標一格。出版有《書旗花鳥集》、《張書旗畫集》等。</p><p>許世英（1873-1964），字靜仁，號俊人，安徽省秋浦縣（今東至縣）人。19歲中秀才，光緒23年（1897）以撥貢生選送京師參加廷試，得一等，以七品京官分發刑部主事，從此躋身官場，歷經晚清、北洋、民國三個時期，宦海浮游60餘年，成為中國近代政壇上一位著名歷史人物，曾任中華民國國務總理。</p><p>莊嚴（1899-1980），字尚嚴，原籍江蘇，遷居北京。歷任北大研究所國學門助教、故宮古物館第一科科長等職。曾任臺北故宮博物院文物館館長、臺北故宮博物院副院長。莊嚴也是著名書法家、教育家、博物館學家，書法二王，善寫瘦金書，推重趙松雪，喜漢隸、魏晉石刻，對好大王碑鑒研極深。</p>','','',0,0,'2015-05-20 11:05:38','2015-05-21 14:44:13',7),(10,'1930年作','王雪濤 (1903-1982)','濱濱漾漾白鷺飛','14.5×44cm. 約0.6平尺','水墨紙本 成扇','',0.00,0.00,'','','題識：濱濱漾漾白鷺飛，庚午春日，王雪濤。','','鈐印：雪（白文）、濤（白文）','','','','','','','','','此件拍品由日本藏家丸山喬太先生提供。','344',6000.00,10000.00,4900.00,8100.00,'<p>王雪濤（1903-1982），河北成安人，原名庭鈞，字曉封，號遲園，中國現代著名小寫意花鳥畫家。歷任北京畫院院長、中國美術家協會理事、美協北京分會副主席、北京市第七屆人大代表、北京市第五屆政協常委、中國農工民主黨中央聯絡委員會委員及北京市委委員。著有《王雪濤畫集》、《王雪濤畫輯》、《王雪濤畫譜》、《王雪濤的花鳥畫》等。</p><p>&nbsp;</p>','','',0,0,'2015-05-20 11:12:08','2015-05-21 14:44:32',7),(11,'1985年作','魏紫熙(1915-2002)','唐人詩意圖 ','17.5×53.5 cm. 約0.8平尺','設色紙本 扇面','',0.00,0.00,'','','題識：唐人詩意圖，一九八五年，魏紫熙。','','鈐印：魏（白文）紫熙（朱文）','','','','','','','','','此件拍品由日本藏家丸山喬太先生提供。','345',10000.00,20000.00,8100.00,16200.00,'<p>  魏紫熙（1915-2002），江蘇國畫院著名山水畫家。河南藝術師範學院畢業。1983年加入中國共產黨。曾任河南藝術師範學校教師、河南大學講師。建國後，歷任江蘇省國畫院畫師、徐州市國畫院名譽院長、中國美協第三屆理事。有《魏紫熙畫集》。</p><p>&nbsp;</p>','','',0,0,'2015-05-20 11:18:29','2015-05-21 15:07:58',7),(12,'','吳讓之（1799-1970）、洪鈞（1839-1893）','花卉、行書五言詩兩幀','書法：8×52cm. 約0.4平尺  繪畫：8.4×51cm. 約0.4平尺','水墨、設色紙本扇面','',0.00,0.00,'','','題識：繪畫：芹甫四兄先生雅屬，讓之； 書法：芹甫四兄先生雅屬，文卿洪鈞。','','鈐印：鈞印（朱文）、熙載畫印（白文）','','','釋文：曙光催薄梦，淡烟入高楼。远山望如雾，茫茫接芳洲。清露滴碧草，色与绿水流。窥妆帘帷卷，清香逼衣浮。听莺啼柳怨，看蝶舞花愁。兹日春方晓，春风正未休。 小院梧桐覆，银床色不分。重帏深锁月，敞阁昼飞云。粉障堪留影，幽花若笑群。炉香消静坐，微雨隔帘闻。疏烟笼画箔，扫径酌松醪。拾翠犹怜草，秋红不让桃。低花欹日暖，啼鸟怨风高。绿水金徽奏，清商调正滔。','','','','','','來源：雨山先生舊藏。','346',30000.00,60000.00,24300.00,48600.00,'<p>吳熙載（1799-1870），原名廷揚，字熙載，後以字行，改字讓之，亦作攘之，號讓翁、晚學居士、方竹丈人等。江蘇儀征（今揚州）人。清代篆刻家、書法家。包世臣的入室弟子。善書畫，尤精篆刻。少時即追摹秦漢印作，後直接取法鄧石如，得其神髓，又綜合自己的學識，發展完善了『鄧派』篆刻藝術，在明清流派篆刻史上具有舉足輕重的地位。吳煕載以篆書和隸書最為知名。其篆書點畫舒展飄逸，結體瘦長疏朗，行筆穩健流暢。古樸雖不及鄧石如，而靈動典雅似則過之，頗具嫵媚優雅之趣，在晚清書壇享有很高的聲譽。對後來的趙之謙，吳昌碩均有影響。吳昌碩評曰：『讓翁平生固服膺完白，而于秦漢印璽探討極深，故刀法圓轉，無纖曼之氣，氣象駿邁，質而不滯。餘嘗語人：學完白不若取徑于讓翁。』</p><p>洪鈞(1839-1893)清末外交家。字陶士，號文卿。江蘇吳縣（今蘇州）人。同治年間中狀元，任翰林院修撰。後出任湖北學政，主持陝西、山東鄉試，並視學江西。1881年任內閣學士，官至兵部左侍郎。1889年至1892年任清廷駐俄、德、奧、荷蘭四國大臣。</p><p><i>說明：帶木盒。</i><br></p><p>&nbsp;</p>','','',0,0,'2015-05-20 11:20:49','2015-05-21 14:45:26',7),(13,'1944年作','吳徵（1878-1949）、沈衛（1862-1945）','雙梅、楷書五言詩','19×50cm. 約0.9平尺','水墨、設色紙本 成扇','',0.00,0.00,'','','題識：正面：實富先生大雅正之，甲申五月袌鋗吳征；橫枝紅玉瘦斜映綠珠光朵朵爭先發皆沁香，棔倉亭長；背面：初春書喜，實貴先生正八十三歲老人沈衛。 ','','鈐印：正面：台秋(朱文)、知二(朱文)、背面：舊史氏(朱文) ','','','釋文：我生本癡絕，萬事不系懷。一朝遠塵世，豈問棄與埋。游宦三十年，所向無一諧。偶然有天幸，自退非人排。黃紙如鴉字，天恩賜歸骸。剡溪回雪舫，雲門散青鞋。兩犢掀春泥，一缽隨午齋。更當擁布被，高枕聽鳴蛙。初春書喜。 ','','','','','','','347',30000.00,50000.00,24300.00,40500.00,'<p>吳徵（1878-1949）字待秋，名徵，以字行。別號抱鋗（xuán）居士、疏林仲子、春暉外史、鷺絲灣人、栝蒼亭長、晚署老鋗。浙江崇德（今桐鄉）人。</p><p>沈衛（1862-1945），字友霍，號淇泉，晚號兼巢老人，亦署紅豆館主，系沈鈞儒十一叔，浙江嘉興人。清光緒十六年(西元1890年)進士，授翰林院編修。後任甘肅主考、陝西學政。善詩文，工書法，晚年寓居上海鬻字，名播江南，被推為翰苑巨擘。</p><p>此件成扇正面為吳征所繪梅花，得其神似。取法高古且技巧非常熟練。扇背為沈衛書法平整合度，不求誇張與變形，秀雅中和。</p><p><i>說明：湘妃竹扇骨十六檔</i></p><p>&nbsp;</p><p><br></p><p>&nbsp;</p>','','',0,0,'2015-05-20 11:22:14','2015-05-21 14:43:55',7),(14,'1980年作','吳山明 （b.1941）','西湖美景、行書書法','19×61cm. 約1.0平尺','水墨、設色紙本 成扇','',0.00,0.00,'','','題識：正面：庚申秋月寫於西子湖畔，山明畫； 背面：潔憐根似玉清到葉俱香，庚申秋月于南山下，山明。 ','','鈐印：吳(白文)、吳(朱文)、吳山明印(白文)、浦中吳山明畫(朱文) ','','','','','','','','','','348',30000.00,50000.00,24300.00,40500.00,'<p>吳山明（b.1941），浙江省浦江縣人。1964年畢業於中國美術學院中國畫系人物畫專業，並留校任教至今。現為中國美術學院學術委員會會員，中國畫系教授、博士生導師，浙江省十屆人大常委會委員，任中國美術家協會理事，浙江省美術家協會副主席，浙江省中國人物畫研究會會長，杭州美術家協會主席，西泠書畫院院長，國家郵票總局郵票評審委員，中國文化部文化藝術品鑒定委員會委員，浙江大學教授，浙江工程學院教授，浙江師範大學榮譽教授。</p><p>&nbsp;</p>','','',0,0,'2015-05-20 11:23:28','2015-05-21 14:48:19',7),(15,'1990年作','黃均 (1914-2011) ','行書書法','26×23 cm. 約0.5平尺 ','水墨紙本 鏡心','',0.00,0.00,'','','題識：庚午冬日於東京，黃均。 ','','鈐印：黃均(白文) ','','','釋文：胸懷若穀，氣吞河嶽。 ','','','','','','','349',8000.00,12000.00,6500.00,9700.00,'<p>黃均（1914-2011），號懋忱，祖籍臺灣淡水，福州候官縣台江聖王廟金墩街人，1914年7月6日生於北京。著名工筆人物畫家、美術教育家。黃均自幼酷愛繪畫。新中國成立後，黃均先後擔任中央美術學院講師、副教授、教授。1987年2月被聘任為中央文史研究館館員。是中國美術家協會會員、北京古都書畫研究院院長、北京工筆重彩畫會副會長、中山書畫社顧問、東方書畫社顧問及中國口岸協會書畫研究會顧問。1985年加入北京市臺灣民主自治同盟為盟員。2011年10月3日在北京逝世，享年98歲。</p><p><i>說明：帶鏡框</i></p>','','',0,0,'2015-05-20 11:28:14','2015-05-21 14:51:35',7),(16,'1980年作','白雪石(1915-2011) ',' 灕江山水','68×44.5 cm','設色紙本 鏡心','',0.00,0.00,'','','題識：阪倉芳明先生雅教，庚申秋雪石作。','','鈐印：雪石(朱文)、老白所作(白文) ','','','','','','','','','','350',80000.00,150000.00,64800.00,121500.00,'<p>白雪石（1915-2011），男，齋號何須齋，北京市人，自幼習畫，早年師從趙夢朱，後拜梁樹年為師，1937－1948年期間曾多次舉辦個人畫展，同時參加湖社畫會和中國畫研究會；後執教於北京師範學院、北京藝術學院，後在中央工藝美院任教，還兼北京山水畫研究會會長；多次為中南海、人民大會堂等繪製巨幅國畫；多次出國舉辦畫展；他的山水畫師宗北派，旁及南派，廣采博取，兼收各類畫種之精華，具有宋畫之嚴謹，元畫之輕快，水彩畫之秀潤，版畫之純淨而具裝飾美；其中尤以桂林為題材創作的青綠山水畫最能體現和代表白雪石的繪畫風格。</p><p>&nbsp;</p>','','',0,0,'2015-05-20 11:30:31','2015-05-21 14:52:52',7),(17,'1946年作','丁輔之(1879-1949) ','甲骨文書法','129.5×30 cm. 約3.5平尺 ','水墨紙本 立軸','',0.00,0.00,'','','題識：庚桑洞，善權洞，集商卜文宜興雙洞紀遊詘，丙戌七月朔日六十有八老人鶴廬丁輔之篆于黃歇浦，龍。 ','','鈐印：西泠丁輔之原名仁字鶴廬印(白文) ','','','','','','','','','','351',30000.00,60000.00,24300.00,48600.00,'<p>丁輔之（1879-1949），近代篆刻家、書畫家。原名仁友，後改名仁，字輔之，號鶴廬，又號守寒巢主，後以字行。浙江杭州人，系晚清著名藏書家『八千卷樓主人』丁松生從孫。其家以藏書之豐聞名於海內。嗜甲骨文，嘗以甲骨文撰書楹聯編成冊，又喜篆刻，名印金石，代有收羅，尤以西泠八家印作為多。並擅畫花卉瓜果，極其璀璨芳菲。幼承家學。一度同王禔供職于滬杭鐵路局。公餘之暇，探討金石書畫。</p><p><i>&nbsp;說明：帶木盒。</i><br></p>','','',0,0,'2015-05-20 11:33:11','2015-05-21 14:54:55',7),(18,'1979年作','張仁芝(b.1935) ','江上風帆圖','68×34 cm. 約2.1平尺 ','設色紙本 立軸','',0.00,0.00,'','','題識：江上風帆圖，乙未春，張仁芝寫於北京。 ','','鈐印：張仁芝印(白文)、錦繡山河(白文) ','','','','','','','','','來源：此件拍品由日本藏家丸山喬太先生提供 。','352',6000.00,10000.00,4900.00,8100.00,'<p>張仁芝（b.1935），出生于河北省興隆縣，祖籍天津，中國當代著名山水畫家。擅長山水，作品多次參加全國個大美展及海外畫展，多次獲獎，並被中國美術館、北京畫院等機構收藏。</p>','','',0,0,'2015-05-20 11:36:03','2015-05-21 14:59:54',7),(19,'','唐雲(1910-1993) ','荷塘情趣','91×27 cm. 約2.2平尺 ','設色紙本 立軸','',0.00,0.00,'','','題識：魚戲知葉北遊女唱江南，大石居士，唐雲寫於尺菴。 ','','鈐印：唐花庵(白文)、唐(朱文)、千載下(白文) ','','','','','','','','','','353',50000.00,120000.00,40500.00,97200.00,'<p>唐雲（1910-1993），字俠塵，別號藥城、藥塵、藥翁、老藥、大石、大石翁，畫室名『大石齋』、『山雷軒』。唐雲是他成為畫家後用的名字。男，漢族，浙江杭州人，1910年8月生。其性格豪爽，志趣高遠，藝術造詣頗高，擅長花鳥、山水、人物，可謂詩書畫皆至妙境。生前曾擔任中國美術家協會理事，中國美術家協會上海分會副主席，中國畫研究院院務委員，上海中國畫院副院長、代院長、名譽院長等職。</p><p>&nbsp;</p>','','',0,0,'2015-05-20 11:37:45','2015-05-21 15:02:05',7),(20,'','董壽平(1904-1997) ',' 黃山松雲','40×63 cm. 約2.3平尺','設色紙本 鏡心','',0.00,0.00,'','','題識：董壽平。','','鈐印：壽平(朱文) ','','','','','','','','','','354',80000.00,150000.00,64800.00,121500.00,'<p>董壽平（1904-1997），當代著名寫意畫家、書法家。原名揆，字諧伯，後慕南田惲格惲壽平遂改名壽平，山西省臨汾市洪洞縣杜戍村人。早年畢業于天津南開大學和北京東方大學。以畫松、竹、梅、蘭著稱，晚年有黃山巨擘之稱，以黃山為題材畫山水，亦善書法。曾為中國書法家協會顧問，中國美術家協會會員，北京榮寶齋顧問，全國政協書畫室主任，北京中國畫研究會名譽會長，山西省文物研究會名譽會長，中國人民對外友好協會理事，中日友協理事，北京對外友協副會長，全國第五、六屆政協委員。</p><p>董家收藏文物書畫甚多，海外聞名。董壽平受家庭影響，自幼就喜愛書畫。董壽平善畫梅竹，朱砂紅梅堪稱絕技；寫竹時筆墨簡練，堅挺軒昂，構圖空靈，以書法為之，渾厚古樸。所寫墨松富有生活氣息，筆墨蒼勁，繁簡相宜。山水畫卷則多以黃山奇峰老松為題材，不拘峰石之形似，而求整幅氣韻的統一，在畫界享有『董梅』、『壽平竹』、『黃山巨擘』的雅譽。國內除『董壽平紀念館』集中收藏他的作品外，各大美術館也都藏有董壽平作品。他的書法藝術富有個性，蒼勁剛健、古樸瀟灑、神形兼備、氣度豪放，顯示出了他那高尚的精神境界、淵博的學知和剛正不阿、胸懷坦蕩的品德。他的作品多次在國內外展覽，並被國內外美術館、博物館收藏。榮獲『富士美術獎章』。</p><p>&nbsp;</p>','','',0,0,'2015-05-20 11:44:09','2015-05-21 15:08:29',7),(21,'1918年作','陳樹人(1884-1948) ','猿戲圖 ','107×46 cm. 約4.4平尺 ','設色紙本 立軸','',0.00,0.00,'','','題識：不見雕弓起獵塵，善授高處得棲身，由來豈可彈冠客，無謂當年笑夢人。十八年六月陳樹人作於申江戲題。','','鈐印：息園(白文)、陳樹人(白文) ','','','','','','','','','','355',50000.00,120000.00,40500.00,97200.00,'<p>陳樹人（1884-1948），原名哲，後改名韶，字樹人，號葭外漁子、二山山樵、得安老人，中國廣東省番禺縣明經鄉（今番禺區歸入廣州市）人，是中國近代知名政治家，畫家。少從嶺南畫家居廉學畫。曾經兩度赴日留學，為同盟會會員，也是辛亥革命元老，曾任國民黨黨務部長和廣東省民政廳廳長。作畫擅長山水、花卉，尤工木棉花。其繪畫融匯中西畫法而別具明潔雅逸，為嶺南畫派創始人之一，與高劍父、高奇峰並稱『二高一陳』。有詩集《寒綠吟草》、《戢塵集》等。</p><p>此件書畫作品為陳樹人先生所作的『猿戲圖』，描繪一隻猿猴安坐與楓樹之上，構圖奇峻，注重留白，設色對比強烈紅葉白猿，書法清永雋秀，意味深刻。發揚了國畫的優良傳統，在繪畫技術上，一反勾勒法而用『沒骨法』，用『撞水撞粉』法，以求其真。其畫風清新、恬淡、空靈，獨樹一幟。</p>','','',0,0,'2015-05-20 11:46:39','2015-05-21 15:11:45',7),(22,'1964年作','唐雲(1910-1993)','竹雀圖','81×40 cm. 約2.9平尺 ','設色紙本 立軸','',0.00,0.00,'','','題識：一九六四年十月唐雲畫。 ','','鈐印：唐雲私印(白文)、上海中國畫院贈(朱文) ','','','','','','','','','','356',30000.00,60000.00,24300.00,48600.00,'<p>唐雲（1910-1993），字俠塵，別號藥城、藥塵、藥翁、老藥、大石、大石翁，畫室名『大石齋』、『山雷軒』。唐雲是他成為畫家後用的名字。男，漢族，浙江杭州人，1910年8月生。其性格豪爽，志趣高遠，藝術造詣頗高，擅長花鳥、山水、人物，可謂詩書畫皆至妙境。生前曾擔任中國美術家協會理事，中國美術家協會上海分會副主席，中國畫研究院院務委員，上海中國畫院副院長、代院長、名譽院長等職。</p>','','',0,0,'2015-05-20 11:50:44','2015-05-21 15:13:47',7),(23,'1939年作','趙雲壑 ','篆書《秦權文》','96×49.5 cm','水墨紙本立軸','',0.00,0.00,'','','节临秦美阳斤 虞山赵氏旧山楼藏 毓泉先生大雅正书 己卯新秋半秃老人樵赵云壑','','壑公无咎（白文）好梦（朱文）','','','廿六年，皇帝尽井兼天下，诸侯黔首大安，立号为皇帝。乃诏丞相状、绾，法度量则不壹。','','','','','','','357',50000.00,120000.00,40500.00,97200.00,'','','',0,0,'2015-05-20 11:53:55','2015-05-20 11:53:55',7),(24,'1922年作','王震 ','墨竹','138×33.5 cm','水墨紙本立軸','',0.00,0.00,'','','直上青云 壬戌秋仲 王震写','','王震大利（白文）一亭（朱文）','','','','','','','','','','358',50000.00,100000.00,40500.00,81000.00,'','','',0,0,'2015-05-20 11:54:59','2015-05-20 11:54:59',7),(25,'','羅振玉 ','行書七言詩','156×40.5 cm','水墨紙本立軸','',0.00,0.00,'','','松翁羅振玉錄','','上虞羅振玉印（白文）歲寒退叟（白文）','','','卢龙塞外草初肥，燕乳平芜晓不飞。乡国近来音信断，至今犹自著春衣。唐人塞上四时词一绝。','','','','','','','359',30000.00,60000.00,24300.00,48600.00,'','','',0,0,'2015-05-20 11:56:17','2015-05-20 11:56:17',7),(26,'','鄭孝胥 ','行書七言聯','130×33.3 cm','水墨紙本立軸','',0.00,0.00,'','','孝胥','','鄭氏孝胥（白文）蘇戡（朱文）','','','不羨千金買歌舞，欲尋萬壑看交流。','','','','','','','360',20000.00,40000.00,16200.00,32400.00,'','','',0,0,'2015-05-20 11:59:27','2015-05-20 11:59:27',7),(27,'','寶熙 ','行書書法','146×39 cm','水墨紙本鏡心','',0.00,0.00,'','','北部少佐屬 寶熙','','寶熙之印（白文）三世清班（朱文）','','','五年起家列霜戟，一日過海收風帆。','','','','','','','361',20000.00,40000.00,16200.00,32400.00,'','','',0,0,'2015-05-20 12:01:01','2015-05-20 12:01:01',7),(28,'','齊白石 ','海棠蟋蟀','69×34.5 cm','設色紙本立軸','',0.00,0.00,'','','寄萍堂上老人齊白石','','齊大（朱文）','','','','','','','','','','362',500000.00,1000000.00,405000.00,810000.00,'','','',0,0,'2015-05-20 12:02:13','2015-05-20 12:02:13',7),(29,'1950年作','張大千','商笙伯 眉壽圖','115.5×40.5 cm','水墨紙本立軸','',0.00,0.00,'','','','','','','','','','','','','','','363',50000.00,100000.00,40500.00,81000.00,'<p>  此件拍品由日本藏家丸山喬太先生提供。<br></p>','','',0,0,'2015-05-20 12:06:59','2015-05-20 12:06:59',7),(30,'1984年作','董壽平 ','碩果累累','99×67.5 cm','水墨紙本鏡心','',0.00,0.00,'','','中日两国文化交流硕果累累 坂仓芳明先生雅赏 甲子夏日 董寿平写','','董寿平（白文）师造化（朱文）年逾八十矣（白文）','','','','','','','','','','364',80000.00,150000.00,64800.00,121500.00,'','','',0,0,'2015-05-20 12:08:25','2015-05-20 12:08:25',7),(31,'1979年作','范曾 ','達摩得悟圖','88×68.5 cm','設色紙本鏡心','',0.00,0.00,'','','达摩得悟图 坂仓芳明先生士雅之属 己未范曾','','范曾（白文）','','','','','','','','','','365',100000.00,180000.00,81000.00,145800.00,'','','',0,0,'2015-05-20 12:09:31','2015-05-20 12:11:01',7),(32,'','吳昌碩 ','花卉','18×52 cm','設色紙本扇面','',0.00,0.00,'','','','','','','','','','','','','','','366',100000.00,200000.00,81000.00,162000.00,'','','',0,0,'2015-05-20 12:40:43','2015-05-20 12:40:43',7),(33,'1916年作','吳昌碩 ','石鼓文書法','133.5×66 cm','水墨紙本立軸','',0.00,0.00,'','','右玲石鼓弟三 丙辰十一月 安吉吴昌硕老缶 年七十又三 ','','俊卿之印（朱文） 倉碩（白文）','','',' 田车孔安， 鋚勒既简，左骖旛旛。右骖騝騝。吾已隱于原。吾止夷，宫车写其，秀弓寺射。麋豕孔庶，麀鹿稚象其又绅，其奔大，出各昊。执而勿射。庶躒，君子攸乐。','','','','','','','367',300000.00,450000.00,243000.00,364500.00,'','','',0,0,'2015-05-20 12:42:17','2015-05-20 12:42:17',7),(34,'','容祖椿 ','百果圖','26×560 cm','設色絹本手卷','',0.00,0.00,'','','自菴容祖椿画','','容祖椿印（白文）自庵凤生（朱文）','','','','','','','','','','368',50000.00,80000.00,40500.00,64800.00,'','','',0,0,'2015-05-20 12:45:27','2015-05-20 12:45:27',7),(35,'','齊白石','蟲趣','24×19.5 cm','設色紙本鏡心','',0.00,0.00,'','','白石','','白石畫蟲（朱文）','','','','','','','','','','369',30000.00,150000.00,24300.00,121500.00,'','','',0,0,'2015-05-20 12:46:43','2015-05-20 12:46:43',7),(36,'1976年作','宋文治 ','黃山北海群巒','53×34.5 cm','設色紙本立軸','',0.00,0.00,'','','黃山北海群巒 丙辰九月文治於湯山','','宋文治（白文）','','','','','','','','','','370',20000.00,40000.00,16200.00,32400.00,'','','',0,0,'2015-05-20 12:47:50','2015-05-20 12:47:50',7),(37,'','鄭孝胥 ','松竹图','146×36.5 cm','水墨絹本立軸','',0.00,0.00,'','','三宅参谋长雅属 孝胥','','郑孝胥印（白文）夜起庵（朱文）苏戡（朱文）春壽萬年（白文）','','','','','','','','','','371',30000.00,50000.00,24300.00,40500.00,'','','',0,0,'2015-05-20 12:49:17','2015-05-20 12:49:17',7),(38,'','徐明宇 ','瑞麟朝陽圖','引首：43×121 繪畫：43×267.5 題跋：43×386','設色絹本手卷','',0.00,0.00,'','','','','','','','','','','','','','','372',30000.00,50000.00,24300.00,40500.00,'','','',0,0,'2015-05-20 13:03:46','2015-05-20 13:03:46',7),(39,'','孫文 ','楷书“博爱”','30×89 cm','水墨紙本鏡心','',0.00,0.00,'','','竹內先生 孫文','','孫文之印（白文）','','','','','','','','','','373',20000.00,40000.00,16200.00,32400.00,'','','',0,0,'2015-05-20 13:16:17','2015-05-20 13:17:04',7),(40,'1919年作','吳昌碩 ','墨梅','135.5×38 cm','水墨綾本立軸','',0.00,0.00,'','','梅花如雪立天風 秋田先生雅屬 己未秋 安吉吳昌碩年七十六','','倉石（朱文）吳俊卿（白文）半日村（朱文）','','','','','','','','','','374',300000.00,450000.00,243000.00,364500.00,'','','',0,0,'2015-05-20 13:17:57','2015-05-20 13:18:54',7),(41,'','齊白石 ','荷花十里香','33×34 cm','設色紙本立軸','',0.00,0.00,'','','白石老人','','白石（朱文）','','','','','','','','','','375',150000.00,280000.00,121500.00,226800.00,'','','',0,0,'2015-05-20 13:20:50','2015-05-20 13:20:50',7),(42,'嘉言之印（白、朱文）孔彰（白文）','陳嘉言 ','松壽圖','159.5×77.5 cm','水墨紙本立軸','',0.00,0.00,'','','','','辛亥梅月寫祝允老詞兄五秩壽 陳嘉言','','','','','','','','','','376',60000.00,150000.00,48600.00,121500.00,'','','',0,0,'2015-05-20 13:22:45','2015-05-20 13:22:45',7),(43,'1916年作','吳昌碩 ','石鼓七言聯','132.5×29.5 cm','水墨紙本鏡心','',0.00,0.00,'','','','','','','','','','','','','','','377',100000.00,200000.00,81000.00,162000.00,'<p>釋文：道人自識淵魚樂,遊子好為天馬行&nbsp;&nbsp; 集--不全本獵碣字時丙辰年十有一月抄 安吉吳昌碩 鈐印“鶴壽”（朱文）“俊卿之印”（朱文）“倉碩”（白文）</p><p>說明：此幅作品，吳昌碩以石鼓文筆意書就，用筆日漸老辣遒勁，老而能熟，老而彌新，氣度恢宏，爐火純青，隱然一代大家風範。</p><p><a href=\"http://baike.baidu.com/view/30540.htm\" target=\"http://baike.baidu.com/_blank\">吳昌碩</a>（1844.8.1 —1927.11.29），<a href=\"http://baike.baidu.com/view/347013.htm\" target=\"http://baike.baidu.com/_blank\">男</a>，原名俊，字<a href=\"http://baike.baidu.com/view/2013641.htm\" target=\"http://baike.baidu.com/_blank\">昌碩</a>，別號缶廬、苦鐵、老缶、缶道人等等，漢族，浙江<a href=\"http://baike.baidu.com/view/7461.htm\" target=\"http://baike.baidu.com/_blank\">湖州</a>人。<a href=\"http://baike.baidu.com/subview/61891/14022133.htm\" target=\"http://baike.baidu.com/_blank\">中國</a>近、現代書畫藝術發展過渡時期的關鍵人物，“詩、書、畫、印”四絕的一代宗師，晚清民國時期著名國畫家、書法家、篆刻家，與<a href=\"http://baike.baidu.com/view/30394.htm\" target=\"http://baike.baidu.com/_blank\">任伯年</a>、<a href=\"http://baike.baidu.com/view/511335.htm\" target=\"http://baike.baidu.com/_blank\">蒲華</a>、<a href=\"http://baike.baidu.com/view/732001.htm\" target=\"http://baike.baidu.com/_blank\">虛穀</a>齊名為“清末海派四大家”。</p><p>備註：原盒 原裱 </p>','','',0,0,'2015-05-20 13:23:53','2015-05-21 07:07:36',7),(44,'1856年作','何紹基 ','楷書書法','29×693 cm','水墨紙本手卷','',0.00,0.00,'','','咸豐 丙辰仲春月何紹基書','','何紹基印（朱文）子貞（白文）千葉樓藏（朱文）王國瑞（  朱、白文）王氏藏貞（白文）','','','其视箴曰：心兮本虚,应物无迹。操之有要,视为之则。蔽交于前,其中则迁。制之于外,以安其内。克己复礼,久而诚矣。’其听箴曰：‘人有秉彝,本乎天性。知诱物化,遂亡其正。卓彼先觉,知止有定。闲邪存诚,非礼勿听。’其言箴曰：‘人心之动,因言以宣。发禁躁妄,内斯静专。矧是枢机,兴戎出好,吉凶荣辱,惟其所召。伤易则诞,伤烦则支,己肆物忤,出悖来违。非法不道,钦哉训辞!’其动箴曰‘哲人知几,诚之于思。志士励行,守之于为。顺理则裕,从欲惟危。造次克念,战兢自持。习与性成,圣贤同归。','','','','','','','378',200000.00,350000.00,162000.00,283500.00,'','','',0,0,'2015-05-20 13:29:15','2015-05-20 13:29:15',7),(45,'','宋濂 ','草書五言詩','171×62.5 cm','水墨絹本立軸','',0.00,0.00,'','','潛溪濂','','宋濂之印（白文）宋氏景濂（白文）','','','天子念黎庶，诏书换诸侯。仙郎授剖符，华省辍分忧。置酒会前殿，赐钱若山丘。天章降三光，圣泽该九州。吾兄镇河朔，拜命宣皇猷。驷马辞国门，一星东北流。夏云照银印，暑雨随行輈.赤笔仍在箧，炉香惹衣裘。此地邻东溟，孤城吊沧洲。海风掣金戟，导吏呼鸣驺。郊原北连燕，剽劫风未休。鱼盐隘里巷，桑柘盈田畴。为郡岂淹旬，政成应未秋。易俗去猛虎，化人似驯鸥。','','','','','','','379',80000.00,150000.00,64800.00,121500.00,'','','',0,0,'2015-05-20 13:31:04','2015-05-20 13:31:04',7),(46,'','米芾 ','行書《燈賦》','40.2×329 cm','水墨絹本手卷','',0.00,0.00,'','','襄陽米芾元章漫書','','楚國米芾（朱文）四代相傳（朱文）等四方收藏章','','','九龙将暝，三爵行栖，琼钩半上，若木全低。窗藏明于粉壁，柳助暗于兰闺。翡翠珠被，流苏羽帐，舒屈膝之屏风，掩芙蓉之行障。乃有百枝同树，四照连盘，香添然蜜，气杂烧兰。烬长宵久，光青夜寒。','','','','','','','380',60000.00,150000.00,48600.00,121500.00,'','','',0,0,'2015-05-20 13:33:03','2015-05-20 13:33:03',7),(47,'','佚名 ','佛像','110×50.5 cm','水墨絹本立軸','',0.00,0.00,'','','','','','','','','','','','','','','381',30000.00,60000.00,24300.00,48600.00,'','','',0,0,'2015-05-20 13:34:19','2015-05-20 13:34:19',7),(48,'','佚名 ','阿彌陀佛三尊像','76.5×47 cm','設色絹本立軸','13-14世紀',0.00,0.00,'','','','','','','','','','','','','','','382',30000.00,60000.00,24300.00,48600.00,'','','',0,0,'2015-05-20 13:38:09','2015-05-20 13:38:09',7),(49,'','佚名 ','百笑圖（上、下）冊','19.5×13 cm','設色紙本冊頁（一百開）','',0.00,0.00,'','','','','','','','','','','','','','','383',30000.00,50000.00,24300.00,40500.00,'','','',0,0,'2015-05-20 13:41:35','2015-05-20 13:41:35',7),(50,'','','明季諸家金箋書畫冊','26.5×22 cm','水墨、設色紙本冊頁（三十開）','',0.00,0.00,'','','','','','','','','','','','','','','384',150000.00,300000.00,121500.00,243000.00,'<p>題識：（一）鈐印：彭廷元印&nbsp;&nbsp;&nbsp; 萍水乾坤上，相逢興不禁。分龍憂寶劍，別鶴一瑤琴。攜手風塵壯，談玄意氣深。從來歌白雪，君最是知音。彭廷元。鈐印：彭廷元印</p><p>（二）黎邦瑊。 鈐印：黎邦瑊印&nbsp;&nbsp;&nbsp; 囗津勝地隱神仙，朱夏薰風發瑞蓮。共鬥曉妝臨曲檻，雙分霞影映清川。恍如丹穴來儀日，恰似昭陽競麗年。報導華山池上客，好將詞賦紀雲箋。賞陳勳卿並蒂蓮。黎邦瑊。鈐印：君選父、南海黎生</p><p>（三）朱完。 鈐印：朱完之印&nbsp;&nbsp;&nbsp; 日日花間對舉卮，最憐小翠擁胭脂。卷簾忽見己自媚，移步漸近更添姿。撲酒雅香長不斷，追風弱片故相隨。奉稱桃李今能幾，近賞須當爛熳時。詠海棠。朱完。鈐印：朱完之印</p><p>（四）秣陵魏之璜寫。 鈐印：之璜&nbsp;&nbsp;&nbsp; 十五年前操渭城，今朝重操極關情。再來又別知何日，歲歲秋鴻好寄聲。番禺黃志尹。鈐印：曾遊江淮上會稽探禹穴窺九疑浮沅湘涉汶泗者</p><p>（五）鈐印：鄧良佑印、德兼氏&nbsp;&nbsp;&nbsp; 俠遊詞苑識清狂，又向雍門早擅場。金粟柱調頻戲鶴，朱絲弦動解求凰。曲終明月千峰繞，調入松風萬壑長。知爾陽春元和寡，莫將彈誤試周郎。鄧良佑。鈐印：鄧良佑印、儆庵居士</p><p>（六）鈐印：琴夫、安尹印章&nbsp;&nbsp;&nbsp; 方外遇真人，高風不可侶。遍遊名山川，百年一羈旅。目擊道長存，曼衍羲皇語。尋樂見襟期，灑然忘去住。抱琴曵長裾，何門不倒履。時鼓一成虧，知音客如許。王安尹。 鈐印：王安尹印、奉道人、一印不辨</p><p>（七）戊申春日寫。秣陵魏之璜。 鈐印：之璜&nbsp;&nbsp;&nbsp; 何年顧虎頭，滿壁畫渝洲。赤日石林氣，青天江海流。錫飛當近鶴，杯渡不驚鷗。似得廬山路，真從畫遠遊。王授。鈐印：王授之印</p><p>（八）癸卯初冬，為囗囗囗生寫。鄧開先。 鈐印：鄧開先&nbsp;&nbsp;&nbsp; 廣陵遺散得君良，大雅泠泠綠綺堂。流水驟飛松幾月，落霞偏引竹齋光。最優琴德齊鸞戲，不獨詩才讓雁行。一自刺船移我習，敢將名字問中郎。右聽劉繼德鼓琴。林穆。鈐印：林穆、字李</p><p>（九）何茂梅寫。 鈐印：何茂梅印&nbsp;&nbsp;&nbsp; 金徽時把弄，響發自清盈。一曲飛泉落，數聲天籟鳴。撫來中散調，韻識廣陵行。月滿虛堂際，還應有鬼驚。何茂梅。鈐印：何茂梅印</p><p>（十）南海關中豐畫。 鈐印：漫漶不辨&nbsp;&nbsp;&nbsp; 問字過芹閣，張筵傍竹林。亭虛青嶂合，徑轉綠蘿侵。稚筍崢垣角，新荷貼水心。幸從良燕會，尊酒莫辭斟。遊震卿。鈐印：長君、震卿之印</p><p>（十一）鈐印：萬國楨印&nbsp;&nbsp;&nbsp; 木葉蕭蕭趁晚風，待霜零落染霜紅。滿庭即使書將盡，何似題情出漢宮。萬國楨。鈐印：伯文父、萬國楨印</p><p>（十二）何茂梅為囗囗丈寫。 鈐印：何茂梅印&nbsp;&nbsp;&nbsp; 天涯蹤跡幾浮沉，誰動刀□故國心。鄴下共□吳覓賦，風前曾聽伯牙琴。菱歌罷處移歸舫，荔子丹時醉綠陰。欲寄相思無為之，石床雲擁幔亭深。歐必元。鈐印：歐必元印、子建</p><p>（十三）彭芳。 鈐印：彭芳之印、仲氏印&nbsp;&nbsp;&nbsp;&nbsp; 瀟湘無事後，征棹複嘔啞。高岫留斜照，歸鴻背落霞。魚殘沙岸草，蝶安洑流槎。共說干戈苦，汀洲鹹釣家。袁玄。 鈐印：袁玄之印、又玄父</p><p>（十四）辛亥春日寫。遊瑩貞。 鈐印：瑩貞&nbsp;&nbsp;&nbsp; 載酒聯鑣曆亂峰，盤崖奔磴出雲重。岩飛晴瀑懸銀蠎，石瞰寒潭隱毒龍。一線江光浮練白，滿山嵐氣積陰濃。與君盡醉煙蘿上，逸興嘉時未易逢。遊宗堯。鈐印：恭父、遊宗堯印</p><p>（十五）鈐印：萬國楨印&nbsp;&nbsp; 素質欺殘雪，黃昏動暗香。不緣花底坐，那覓壽陽妝。萬國楨。鈐印：伯文父、萬國楨印後頁：此冊書畫金箋三十頁，舊系蓮池藩雲叟侯愛藏。事詳於淺野梅堂翁《書畫銘心錄》。今歸越中石阪磊床君所有。隔數十年重觀，因題一言。明治丁未（1907年）且月，七十九翁環齋清。 鈐印：玉置清印、環齋、樂琴書以消憂</p><p>題跋者玉置環齋，日本書畫家，編著有《明人藝林名譜》、《明諸名家尺牘人名略錄》等。<br>按語：此冊集明末各家書畫三十頁，畫或作山水人物、或作花卉鮮果，對頁書則有隸楷草行；畫不以摹寫形模為能事，書不以呈才使氣稱擅長。唯都以閒情逸致寫胸臆，故筆底都有靈性和秀氣溢出，讀古人畫，若胸中不存功利之想，則前賢都可作良師益友晤對。況此冊之完美如新，是足以怡情悅性的</p>','','',0,0,'2015-05-20 13:44:36','2015-05-21 07:06:34',7),(51,'','','黃釉小盤（五枚）一組','D12.3 cm','','明萬曆',0.00,0.00,'','','“大明萬曆年製”款','','','','','','','','','','','此拍品由日本收藏家山根拓郎先生提供','001',10000.00,15000.00,8100.00,12200.00,'<p>  帶木盒<br></p>','','',0,0,'2015-05-21 12:22:19','2015-05-21 13:52:25',1),(52,'','','青花龍紋小香盒','D4.2 cm','','明萬曆',0.00,0.00,'','','“大明萬曆年製”款','','','','','','','','','','','購於香港佳士得拍賣','002',10000.00,15000.00,8100.00,12150.00,'<p>  帶雙木盒　&nbsp;</p>','','',0,0,'2015-05-21 12:58:17','2015-05-21 12:58:17',1),(53,'','','青花雙龍戲珠紋印泥盒','D8.6 cm','','清康熙',0.00,0.00,'','','“大清康熙年製”款','','','','','','','','','','','此拍品由日本收藏家山根拓郎先生提供','003',10000.00,15000.00,8100.00,12150.00,'<p data-indent=\"1\">  帶木盒<br></p>','','',0,0,'2015-05-21 13:00:44','2015-05-21 13:00:44',1),(54,'','','青花釉裡紅團鳳紋罐','H11.5 cm','','清康熙',12150.00,0.00,'','','“大清康熙年製”款','','','','','','','','','','','此拍品由日本收藏家山根拓郎先生提供','004',0.00,10000.00,15000.00,8100.00,'','','',0,0,'2015-05-21 13:05:20','2015-05-21 13:05:20',1),(55,'','','藍釉紫砂竹鈕三足薰','H14 cm','','清',0.00,0.00,'','','','','','','','','','','','','','','005',10000.00,15000.00,8100.00,12150.00,'<p data-indent=\"0\">  帶木盒<br></p>','','',0,0,'2015-05-21 13:06:46','2015-05-21 13:06:46',1),(56,'','','天藍釉梅瓶','H20.5 cm','','清康熙',0.00,0.00,'','','“大清康熙年製”款','','','','','','','','','','','此拍品由日本藏家藤本俊一先生提供','006',50000.00,80000.00,40500.00,64800.00,'<p>  帶木托、带木盒<br></p>','','',0,0,'2015-05-21 13:07:57','2015-05-21 13:07:57',1),(57,'','','粉彩花卉紋梅瓶','H30.8 cm','','民國',0.00,0.00,'','','“大清乾隆年製”款','','','','','','','','','','','此拍品由日本收藏家山根拓郎先生提供','007',10000.00,15000.00,8100.00,12150.00,'','','',0,0,'2015-05-21 13:09:07','2015-05-21 13:09:07',1),(58,'','','粉彩嬰戲圖燈籠蓋罐','H24.5 cm','','民國',0.00,0.00,'','','“麟趾呈祥”款','','','','','','','','','','','','008',20000.00,35000.00,16200.00,28350.00,'<p>  帶盒 <br><br></p>','','',0,0,'2015-05-21 13:10:06','2015-05-21 13:10:06',1),(59,'','','余文襄作雪景圖棒槌瓶','H35.5 cm','','民國',0.00,0.00,'','','“雅玩珍藏”款','','','','','','','','','','','','009',10000.00,15000.00,8100.00,12150.00,'<p>  此拍品為余文襄制粉彩雪景圖棒槌瓶，盤口，短直頸，圓折肩，圓筒狀長腹，圈足，底部多為平切式二層台，底書“雅玩珍藏”款。雪景是陶瓷彩繪中的特種工藝，與其他粉彩比較，雪景色別少，畫技要求高，尤其渲染天色更非一日之功。享有“雪景大王”之譽的陶瓷美術家余文襄，其雪景作品風格意境深遠，筆觸雄渾，詩味濃郁，具有厚實的功力。  余文襄，生於1910年，江西都昌縣人，擅長工藝粉彩雪景山水。現為中國美術家協會會員。他14歲習藝，師承當時陶瓷名家何許人，得其秘傳習景技藝。在幾十年的藝術生涯中，他效法諸家，所仿名畫幾乎亂真。  古人所繪雪景不外表現歲寒蕭索，荒涼淒清之景。而余文襄的雪景都另有特色:瑞雪紛飛，喜爆轟嗚，賀春迎新，一片欣欣向榮之景：冰天雪地，青松翠柏，迎戰鬥雪，報告著春的氣息…。總蘊育著生命、預示瑞雪兆豐年：不是荒曠、寂寞的徵候，而是具有瑪瑙、寶石般絢麗色彩的銀裝素裹的世界。  自古雪景多以奇險取勝，但他則以平易親切見長。他的作品沒有嘩眾取寵之意，而是充滿天真、直率、純樸、莊重的意境，具有獨特的魅力，其作品多次參加全國陶藝美展，多次獲獎。  在其作品《賞雪圖》，一株老樹如虯龍淩空，樹幹氣勢宏偉，自然生動而遠近山林皆似涼玉，充滿了“忽如一夜東風來，千樹萬樹梨花開”的詩情畫意。整個畫面佈局新穎別致，耐人尋味；那潔白的雪野配以雕梁畫楝的紅裝，向人們展示了“不是春天，勝似春天”的壯美冬景，是難得的雪景珍品。  說明：帶木托 带木盒 <br><br></p>','','',0,0,'2015-05-21 13:11:17','2015-05-21 13:11:17',1),(60,'','','曾龍昇造醬釉釋迦牟尼座像','H18.5 cm','','民國',0.00,0.00,'','','“曾龍昇造”款','','','','','','','','','','','','010',20000.00,35000.00,16200.00,28350.00,'<p>  曾龍昇，字龍生，江西省豐城縣人，生於l901年，卒於1964年，民國時期至建國初期的雕塑名家。 <br><br></p>','','',0,0,'2015-05-21 13:12:11','2015-05-21 13:14:21',1),(61,'','','德化窯白瓷觀音像','H24 cm','','清',0.00,0.00,'','','','','','','','','','','','','','','011',20000.00,35000.00,16200.00,28350.00,'<p>  帶木盒 <br><br></p>','','',0,0,'2015-05-21 13:15:13','2015-05-21 13:15:13',1),(62,'','','畢伯濤作 墨彩開光“雪岸雙鴻”硯屏','L15.5 cm，W9.3 cm 通髙H28.8 cm','','民國',0.00,0.00,'','','款識：“隆”“碧”“露”“作”','','','','','','','','','','','','012',20000.00,35000.00,16200.00,28350.00,'<p>  硯屏為  “文房十友”之一，始于北宋，歐陽修以虢州紫石為硯屏，有《紫石屏歌》，東坡等人亦為之題詠，為一時風雅盛事。此件墨彩花鳥紋硯屏，分兩部分組成，上為屏面，下為屏坐，屏面雙面，皆於屏心作畫，並繪邊框，宛如兩幅玲瓏小品。一面以墨色點染“雪岸雙鴻”寫雪霽江渚的岸邊，一株垂柳，枝頭之上雙宿兩隻喜鵲，樹下雙息兩隻鴻雁，畫面安然和諧，筆意希微。另一面勾勒疏梅幾幹，其上書有詩文“月幌見疎影，墨池聞暗香”“有月花逾淡，無風香自生”嬌美柔秀。其下基座亦墨彩描繪夔龍紋及纏枝蓮紋。猶如白紙作畫，濃淡相宜，潔淨素雅。墨彩色澤濃重，彩釉配製純淨，上塗一層玻璃白，燒就的墨彩漆黑瑩亮；此硯屏集墨彩粉彩於一體，身兼二美，交相輝映，頗有皇家風範委實難得。  說明：帶盒 <br><br></p>','','',0,0,'2015-05-21 13:50:38','2015-05-21 14:10:27',1),(63,'','','粉彩山水紋雙如意耳花瓶一對','H30 cm','','清乾隆',0.00,0.00,'','','“乾隆年製”款','','','','','','','','','','','','013',100000.00,180000.00,81000.00,145800.00,'<p>  此件為一對粉彩山水紋花瓶，口微撇，長頸，橢圓腹，腹下漸收，圓底。口沿部描金色，繪回紋一周，頸部施黃釉上描繪纏枝花卉紋飾，彩釉如意耳一對，肩繪夔龍紋一周，腹部下收處，足足脛之上描繪一周青花方回文。器底部有藍料款“乾隆年制”。瓶身整體胎形豐腴端莊，用色大膽亮麗，花卉與纏枝之色彩搭配鮮豔奪目。紋飾精美，圖案生動明快，畫工之所不能窮其巧也，創作出一幅“咫尺千裏”的藝術佳作。層巒疊嶂，猶如奔騰飛動，近者數十裏，遠者數百里，爭奇競秀。白雲繚繞，江流無際，湖光山色，水波粼粼，樓臺亭閣隱現其間。參天古松生新芽，河邊柳樹穿綠裝，桃花、杏花笑口爭豔，一派春意盎然，群芳爭豔的美麗景色。整體佈局層次豐富，疏密得宜。色彩濃淡深淺變化雅致，青花粉彩是乾隆時期由鬥彩演化而來的創新品種，繪畫工藝複雜，燒制難度極高，但燒造出來的瓷器色彩表現力更加豐富多彩，因而深受乾隆皇帝的喜愛。此瓶不僅形制優雅，富麗堂皇，畫工和色彩更是出類拔萃，代表了乾隆時期御用觀賞瓷器瓶的最高工藝水準。  說明：帶木盒 <br><br></p>','','',0,0,'2015-05-21 13:51:38','2015-05-21 13:51:38',1),(64,'','','粉彩龍鳳呈祥紋天球瓶','H39 cm','','清光緒',0.00,0.00,'','','“大清光緒年製”款','','','','','','','','','','','','014',10000.00,15000.00,8100.00,12150.00,'','','',0,0,'2015-05-21 13:52:46','2015-05-21 13:52:46',1),(65,'','','五彩藍地團龍紋雙象耳瓶','H49 cm','','明萬曆',0.00,0.00,'','','“大明萬曆年製”款','','','','','','','','','','','此拍品由日本藏家藤本俊一先生提供','015',250000.00,450000.00,202500.00,364500.00,'<p>  帶木托、带木盒 <br><br></p>','','',0,0,'2015-05-21 13:53:47','2015-05-21 13:53:47',1),(66,'','','青花釉裡紅花卉紋梅瓶','H27.5 cm','','清康熙',0.00,0.00,'','','“大清康熙年製”款','','','','','','','','','','','此拍品由日本收藏家山根拓郎先生提供','016',20000.00,35000.00,16200.00,28350.00,'<p>  帶木盒 <br><br></p>','','',0,0,'2015-05-21 13:55:57','2015-05-21 13:55:57',1),(67,'','','鬥彩花卉紋將軍罐','H36 cm','','清',0.00,0.00,'','','','','','','','','','','','','','','017',80000.00,120000.00,64800.00,97200.00,'<p>  明清時期罐器之一，其蓋頗似將軍的頭盔，故而得名。將軍罐始見於明嘉靖、萬歷年間，至清順治時期基本定型，盛行於康熙朝。其器形體高大，各朝其形略有不同。此件將軍罐為清代中期製造的鬥彩花卉紋將軍罐，為陳設瓷器之一。造型為直口、短頸、豐肩、鼓腹。腹下部漸收，平底淺圈足，通體渾圓，器型高大。與明代與早期將軍罐不同的是，將渾圓的罐體展肩提腹，拉長頸部，收緊圈足，使得將軍罐的造型顯得挺拔向上，氣魄宏偉。其紋飾為花卉紋，蓋頂為藍色的寶珠紐，蓋身之上描繪鬥彩纏枝蓮紋，頸部描繪一周紅綠相間的蕉葉紋飾，肩上裝飾如意雲肩，至器身之上裝飾纏枝蓮紋飾與蓋呼應，足脛之上裝飾一周狹長的仰蓮紋飾，整體觀之紋飾繁縟，描繪清晰，構圖飽滿疏密的當，線條細勁流暢。施彩方式為鬥彩。創燒於明朝成化年間，是釉下彩（青花）與釉上彩相結合的一種裝飾品種。鬥彩是預先在高溫下燒成的釉下青花瓷器上，用礦物顏料進行二次施彩，填補青花圖案留下的空白和塗染青花輪廓線內的空間，然後再次入小窯經過低溫烘烤而成。鬥彩以其絢麗多彩的色調，沉穩老辣的色彩，形成了一種符合明人審美情趣的裝飾風格。胎質堅實潔白細膩，白釉柔和瑩潤，表裏如一。品相完美，為清中期同類器物中的精品。 <br><br></p>','','',0,0,'2015-05-21 13:57:09','2015-05-21 13:57:09',1),(68,'','','琺華開光人物雙耳八棱瓶一對','H26.7×2 cm','','清道光',0.00,0.00,'','','“大清道光年製”款','','','','','','','','','','','此拍品由日本收藏家山根拓郎先生提供','018',5000.00,8000.00,4050.00,6480.00,'<p>  帶木托、带木盒 <br><br></p>','','',0,0,'2015-05-21 13:58:14','2015-05-21 13:58:14',1),(69,'','','仿官窯貫耳瓶','H18.5 cm','','清雍正',0.00,0.00,'','','','','','','','','','','','','','','019',35000.00,55000.00,28350.00,44550.00,'','','',0,0,'2015-05-21 13:59:06','2015-05-21 13:59:06',1),(70,'','','爐鈞釉雙耳香爐','H12cm D15cm','','清雍正',0.00,0.00,'','','“雍正年製”款','','','','','','','','','','','','020',10000.00,15000.00,8100.00,12150.00,'','','',0,0,'2015-05-21 14:00:06','2015-05-21 14:00:06',1),(71,'','','龍泉窯雙耳三足爐','H13 cm','','明',0.00,0.00,'','','','','','','','','','','','','','此拍品由日本收藏家山根拓郎先生提供','021',10000.00,15000.00,8100.00,12150.00,'<p>  帶雙木盒 <br><br></p>','','',0,0,'2015-05-21 14:03:48','2015-05-21 14:03:48',1),(72,'','','蘇學金製 白瓷觀音立像','H51 cm','','民國',0.00,0.00,'','','“博及漁人”款','','','','','','','','','','','','022',30000.00,55000.00,24300.00,44550.00,'<p>  帶木盒 <br><br></p>','','',0,0,'2015-05-21 14:06:50','2015-05-21 14:06:50',1),(73,'','','陳偉製 白瓷達摩坐像','H24 cm','','民國',0.00,0.00,'','','“陳偉之印”款','','','','','','','','','','','','023',20000.00,35000.00,16200.00,28350.00,'<p>  帶木盒 <br><br></p>','','',0,0,'2015-05-21 14:09:06','2015-05-21 14:09:06',1);
/*!40000 ALTER TABLE `hb_artworks` ENABLE KEYS */;
UNLOCK TABLES;

--
-- Table structure for table `hb_asas`
--

DROP TABLE IF EXISTS `hb_asas`;
/*!40101 SET @saved_cs_client     = @@character_set_client */;
/*!40101 SET character_set_client = utf8 */;
CREATE TABLE `hb_asas` (
  `id` int(10) unsigned NOT NULL AUTO_INCREMENT,
  `asa_name` varchar(100) COLLATE utf8_unicode_ci NOT NULL,
  `preview_begin_time` timestamp NOT NULL DEFAULT '0000-00-00 00:00:00',
  `preview_end_time` timestamp NOT NULL DEFAULT '0000-00-00 00:00:00',
  `begin_time` timestamp NOT NULL DEFAULT '0000-00-00 00:00:00',
  `end_time` timestamp NOT NULL DEFAULT '0000-00-00 00:00:00',
  `asa_addr` varchar(200) COLLATE utf8_unicode_ci NOT NULL,
  `asa_preview_addr` varchar(200) COLLATE utf8_unicode_ci NOT NULL,
  `asa_image` varchar(200) COLLATE utf8_unicode_ci NOT NULL,
  `asa_only_online` tinyint(4) NOT NULL,
  `asa_online_url` varchar(200) COLLATE utf8_unicode_ci NOT NULL,
  `asa_online_logo` varchar(100) COLLATE utf8_unicode_ci NOT NULL,
  `lang` tinyint(4) NOT NULL,
  `asa_group` tinyint(4) NOT NULL,
  `auction_id` int(10) unsigned NOT NULL,
  `created_at` timestamp NOT NULL DEFAULT '0000-00-00 00:00:00',
  `updated_at` timestamp NOT NULL DEFAULT '0000-00-00 00:00:00',
  PRIMARY KEY (`id`),
  KEY `hb_asas_auction_id_foreign` (`auction_id`),
  CONSTRAINT `hb_asas_auction_id_foreign` FOREIGN KEY (`auction_id`) REFERENCES `hb_auctions` (`id`) ON DELETE CASCADE
) ENGINE=InnoDB AUTO_INCREMENT=8 DEFAULT CHARSET=utf8 COLLATE=utf8_unicode_ci;
/*!40101 SET character_set_client = @saved_cs_client */;

--
-- Dumping data for table `hb_asas`
--

LOCK TABLES `hb_asas` WRITE;
/*!40000 ALTER TABLE `hb_asas` DISABLE KEYS */;
INSERT INTO `hb_asas` VALUES (1,'瓷苑擷珍﹣瓷器精品專場','2015-05-18 00:00:00','2015-05-29 02:00:00','2015-05-11 07:00:00','2015-05-30 02:30:00','','','/uploads/2015/05/06/BY7Kp0OWiSDxEEFt.jpg',0,'','',0,1,1,'2015-04-26 07:34:54','2015-05-21 12:56:52'),(5,'稽韻千古﹣高古陶瓷專場','2015-05-29 02:00:00','2015-05-29 11:00:00','2015-05-19 06:47:08','2015-05-30 03:30:00','','','/uploads/2015/05/19/oMOrD90NZihc3RQs.jpg',0,'','',0,1,1,'2015-05-19 06:36:03','2015-05-20 13:56:56'),(6,'物華天寶﹣古董珍玩專場','2015-05-29 02:00:00','2015-05-29 11:00:00','2015-05-19 06:45:10','2015-05-30 05:30:00','','','/uploads/2015/05/19/ZHqI2q88YN6GdGhH.jpg',0,'','',0,1,1,'2015-05-19 06:45:10','2015-05-20 13:56:49'),(7,'丹青不渝﹣中國書畫專場','2015-05-29 02:00:00','2015-05-29 11:00:00','2015-05-30 04:46:50','2015-05-30 06:30:00','','','/uploads/2015/05/19/7erkaIcZ62d4vLrW.jpg',0,'','',0,1,1,'2015-05-19 06:46:50','2015-05-21 12:55:29');
/*!40000 ALTER TABLE `hb_asas` ENABLE KEYS */;
UNLOCK TABLES;

--
-- Table structure for table `hb_attachments`
--

DROP TABLE IF EXISTS `hb_attachments`;
/*!40101 SET @saved_cs_client     = @@character_set_client */;
/*!40101 SET character_set_client = utf8 */;
CREATE TABLE `hb_attachments` (
  `id` int(10) unsigned NOT NULL AUTO_INCREMENT,
  `att_name` varchar(100) COLLATE utf8_unicode_ci NOT NULL,
  `att_path` varchar(200) COLLATE utf8_unicode_ci NOT NULL,
  `att_type` tinyint(4) NOT NULL,
  `created_at` timestamp NOT NULL DEFAULT '0000-00-00 00:00:00',
  `updated_at` timestamp NOT NULL DEFAULT '0000-00-00 00:00:00',
  PRIMARY KEY (`id`)
) ENGINE=InnoDB AUTO_INCREMENT=161 DEFAULT CHARSET=utf8 COLLATE=utf8_unicode_ci;
/*!40101 SET character_set_client = @saved_cs_client */;

--
-- Dumping data for table `hb_attachments`
--

LOCK TABLES `hb_attachments` WRITE;
/*!40000 ALTER TABLE `hb_attachments` DISABLE KEYS */;
INSERT INTO `hb_attachments` VALUES (1,'QQ图片20150422214159.jpg','/uploads/2015/04/26/xgXEP55cbbbxtpPE.jpg',0,'2015-04-26 07:34:52','2015-04-26 07:34:52'),(2,'2.png','/uploads/2015/04/26/ykcrq65CV4VsV4Cw.png',0,'2015-04-26 07:38:08','2015-04-26 07:38:08'),(3,'psb.jpg','/uploads/2015/04/26/9tiEHYNLHIXbs6lp.jpg',0,'2015-04-26 08:03:39','2015-04-26 08:03:39'),(4,'psb (1).jpg','/uploads/2015/04/26/2GQcuQsvON1zcYcg.jpg',0,'2015-04-26 08:15:20','2015-04-26 08:15:20'),(5,'psb.jpg','/uploads/2015/04/26/pxsUMso7h2pBogjU.jpg',0,'2015-04-26 08:15:26','2015-04-26 08:15:26'),(6,'证件照.jpg','/uploads/2015/04/26/Th26fChNYBnWryb8.jpg',0,'2015-04-26 08:15:31','2015-04-26 08:15:31'),(7,'2.png','/uploads/2015/04/26/M0QteYESWgscdQOR.png',0,'2015-04-26 08:16:14','2015-04-26 08:16:14'),(8,'QQ图片20150422214159.jpg','/uploads/2015/04/26/rlggzqqJrHmUDPwO.jpg',0,'2015-04-26 08:16:17','2015-04-26 08:16:17'),(9,'QQ图片20150422225040.png','/uploads/2015/04/26/FkeyjQw2qnx8QXxm.png',0,'2015-04-26 08:16:19','2015-04-26 08:16:19'),(10,'psb (1).jpg','/uploads/2015/04/26/widUSEp3Ss4HOfVr.jpg',0,'2015-04-26 08:16:26','2015-04-26 08:16:26'),(11,'psb.jpg','/uploads/2015/04/26/544sq76pxySN9VKX.jpg',0,'2015-04-26 08:16:30','2015-04-26 08:16:30'),(12,'屏幕快照 2015-03-18 上午10.39.57.png','/uploads/2015/04/27/FGe7Vi3WZxMeIU0D.png',1,'2015-04-27 07:24:08','2015-04-27 07:24:08'),(13,'屏幕快照 2015-04-27 下午3.04.37.png','/uploads/2015/04/27/tGvPnC2OWjBs7lTO.png',1,'2015-04-27 07:24:22','2015-04-27 07:24:22'),(14,'Koala.jpg','/uploads/2015/04/27/Oa7vEj2CTW9OVKsl.jpg',0,'2015-04-27 13:14:17','2015-04-27 13:14:17'),(15,'Penguins.jpg','/uploads/2015/04/27/lCyOb3AXedkrLnZD.jpg',0,'2015-04-27 13:14:31','2015-04-27 13:14:31'),(16,'Penguins.jpg','/uploads/2015/04/27/zkFIHTJDZTdSBw51.jpg',0,'2015-04-27 13:14:42','2015-04-27 13:14:42'),(17,'Penguins.jpg','/uploads/2015/04/27/RBoIzBpLggUYljCN.jpg',0,'2015-04-27 13:15:04','2015-04-27 13:15:04'),(18,'Tulips.jpg','/uploads/2015/04/27/uYkz1RhICpxW12Aw.jpg',0,'2015-04-27 13:15:21','2015-04-27 13:15:21'),(19,'image.jpg','/uploads/2015/04/27/kkcfUCdey9VNy31z.jpg',0,'2015-04-27 14:23:41','2015-04-27 14:23:41'),(20,'屏幕快照 2015-03-18 上午10.39.57.png','/uploads/2015/04/28/TIPaOjGlyJtdkZ7i.png',0,'2015-04-28 13:47:15','2015-04-28 13:47:15'),(21,'psb (1).jpg','/uploads/2015/05/05/2GppJQH8reqiiasg.jpg',0,'2015-05-05 14:49:49','2015-05-05 14:49:49'),(22,'1078891_171634084463_2.jpg','/uploads/2015/05/06/jOjzE2ieOMQ0jhns.jpg',0,'2015-05-06 08:50:08','2015-05-06 08:50:08'),(23,'1078891_171634084463_2.jpg','/uploads/2015/05/06/RUIEpUDR7BOJN3Qo.jpg',0,'2015-05-06 12:08:25','2015-05-06 12:08:25'),(24,'1367046916977.jpg','/uploads/2015/05/06/BY7Kp0OWiSDxEEFt.jpg',0,'2015-05-06 15:34:06','2015-05-06 15:34:06'),(25,'e52a4afdea938b4c0b8568976ff3aedf.jpg','/uploads/2015/05/06/aCHFDmObw1dWWHqX.jpg',0,'2015-05-06 15:37:14','2015-05-06 15:37:14'),(26,'u=986598686,4193954648&fm=21&gp=0.jpg','/uploads/2015/05/06/MP6It9nBvEfO5xDk.jpg',0,'2015-05-06 15:38:20','2015-05-06 15:38:20'),(27,'2459179_161059054893_2.jpg','/uploads/2015/05/06/hjCK31gtUW7aVse7.jpg',0,'2015-05-06 15:40:15','2015-05-06 15:40:15'),(28,'20140510104901_1880 (1).jpg','/uploads/2015/05/06/HMrDl2Kn54IXcumw.jpg',0,'2015-05-06 15:51:33','2015-05-06 15:51:33'),(29,'20150513001001035_TB.jpg','/uploads/2015/05/14/EjrUcxK05t2hYXOy.jpg',0,'2015-05-14 01:05:33','2015-05-14 01:05:33'),(30,'0002..jpg','/uploads/2015/05/19/gxyCxosvsszLIGOE.jpg',0,'2015-05-19 06:21:12','2015-05-19 06:21:12'),(31,'0001.jpg','/uploads/2015/05/19/oMOrD90NZihc3RQs.jpg',0,'2015-05-19 06:35:57','2015-05-19 06:35:57'),(32,'0001.jpg','/uploads/2015/05/19/ZHqI2q88YN6GdGhH.jpg',0,'2015-05-19 06:45:05','2015-05-19 06:45:05'),(33,'0001.jpg','/uploads/2015/05/19/7erkaIcZ62d4vLrW.jpg',0,'2015-05-19 06:46:48','2015-05-19 06:46:48'),(34,'0001.jpg','/uploads/2015/05/19/llLSTkkJkSHQ4gpj.jpg',0,'2015-05-19 06:59:28','2015-05-19 06:59:28'),(35,'辜1.jpg','/uploads/2015/05/19/JTmLUI3xPOTYt7Hv.jpg',0,'2015-05-19 08:39:21','2015-05-19 08:39:21'),(36,'辜1.jpg','/uploads/2015/05/19/OvZwGWYbbzMgvKuj.jpg',0,'2015-05-19 08:39:58','2015-05-19 08:39:58'),(37,'0343.jpg','/uploads/2015/05/20/quEKgUf5ob2jqXqK.jpg',0,'2015-05-20 10:31:08','2015-05-20 10:31:08'),(38,'0344.jpg','/uploads/2015/05/20/P1RhGhGBzKYwBhWM.jpg',0,'2015-05-20 11:11:12','2015-05-20 11:11:12'),(39,'0345.jpg','/uploads/2015/05/20/2I9V8GPUY7QOSaZJ.jpg',0,'2015-05-20 11:18:26','2015-05-20 11:18:26'),(40,'0346.jpg','/uploads/2015/05/20/GZL9lqdatIFuKdPw.jpg',0,'2015-05-20 11:18:38','2015-05-20 11:18:38'),(41,'0347.jpg','/uploads/2015/05/20/9MSpNcFxxnlsuvU6.jpg',0,'2015-05-20 11:21:00','2015-05-20 11:21:00'),(42,'0348.jpg','/uploads/2015/05/20/ghEAYUk19mEBmzNs.jpg',0,'2015-05-20 11:22:32','2015-05-20 11:22:32'),(43,'0349.jpg','/uploads/2015/05/20/nFtQdZuBzNelDgWy.jpg',0,'2015-05-20 11:24:23','2015-05-20 11:24:23'),(44,'0350.jpg','/uploads/2015/05/20/yR3m8qNLrxMEpHcd.jpg',0,'2015-05-20 11:29:08','2015-05-20 11:29:08'),(45,'0351.jpg','/uploads/2015/05/20/cO3h48TkxY9ohEsm.jpg',0,'2015-05-20 11:30:46','2015-05-20 11:30:46'),(46,'0352.jpg','/uploads/2015/05/20/8sVVXlwbO6usbGUD.jpg',0,'2015-05-20 11:36:02','2015-05-20 11:36:02'),(47,'0353.jpg','/uploads/2015/05/20/wTf3q9rzEwGVZOQl.jpg',0,'2015-05-20 11:36:23','2015-05-20 11:36:23'),(48,'0354.jpg','/uploads/2015/05/20/HpEDppKx7YwLkv7A.jpg',0,'2015-05-20 11:43:01','2015-05-20 11:43:01'),(49,'0355.jpg','/uploads/2015/05/20/D4dguKR8iXBruzD5.jpg',0,'2015-05-20 11:45:03','2015-05-20 11:45:03'),(50,'0356.jpg','/uploads/2015/05/20/dnx1M95x7NPCTRRq.jpg',0,'2015-05-20 11:47:02','2015-05-20 11:47:02'),(51,'0357.jpg','/uploads/2015/05/20/dHxG6vwWdzBj75Ub.jpg',0,'2015-05-20 11:51:48','2015-05-20 11:51:48'),(52,'0358.jpg','/uploads/2015/05/20/moFyfU9qZfbAKyah.jpg',0,'2015-05-20 11:54:13','2015-05-20 11:54:13'),(53,'0359.jpg','/uploads/2015/05/20/1vTUTO8P564WFqEZ.jpg',0,'2015-05-20 11:55:16','2015-05-20 11:55:16'),(54,'0360.jpg','/uploads/2015/05/20/v6RLKUqiUG0Veu9x.jpg',0,'2015-05-20 11:58:07','2015-05-20 11:58:07'),(55,'0361.jpg','/uploads/2015/05/20/gEat5BeyroNo2nM4.jpg',0,'2015-05-20 11:59:50','2015-05-20 11:59:50'),(56,'0362.jpg','/uploads/2015/05/20/cpckQRvecc0WmevJ.jpg',0,'2015-05-20 12:01:25','2015-05-20 12:01:25'),(57,'0363.jpg','/uploads/2015/05/20/G1mey7GCeooO5ujT.jpg',0,'2015-05-20 12:04:12','2015-05-20 12:04:12'),(58,'0364.jpg','/uploads/2015/05/20/hn5QV1BVbBdzqL4l.jpg',0,'2015-05-20 12:07:16','2015-05-20 12:07:16'),(59,'0365.jpg','/uploads/2015/05/20/JiVbADA01HzDGOyD.jpg',0,'2015-05-20 12:10:56','2015-05-20 12:10:56'),(60,'0366.jpg','/uploads/2015/05/20/TY2Yu46LSPR8tJRD.jpg',0,'2015-05-20 12:39:47','2015-05-20 12:39:47'),(61,'0367.jpg','/uploads/2015/05/20/sb0KvVNqK9x8mlE5.jpg',0,'2015-05-20 12:41:22','2015-05-20 12:41:22'),(62,'0368.jpg','/uploads/2015/05/20/D43XVywLLKP3C1Kz.jpg',0,'2015-05-20 12:44:31','2015-05-20 12:44:31'),(63,'0369.jpg','/uploads/2015/05/20/07jJIXp7nwgGRmN5.jpg',0,'2015-05-20 12:45:42','2015-05-20 12:45:42'),(64,'0370.jpg','/uploads/2015/05/20/ojH3S5wakmZFRuy1.jpg',0,'2015-05-20 12:46:56','2015-05-20 12:46:56'),(65,'0371.jpg','/uploads/2015/05/20/OYsfLR3Aw28bROzV.jpg',0,'2015-05-20 12:48:03','2015-05-20 12:48:03'),(66,'0372.jpg','/uploads/2015/05/20/zV7kLf7dh9AHmvA7.jpg',0,'2015-05-20 12:57:38','2015-05-20 12:57:38'),(67,'0372-4.jpg','/uploads/2015/05/20/InZhdltBVAQYFz2u.jpg',0,'2015-05-20 13:01:52','2015-05-20 13:01:52'),(68,'0372-1.jpg','/uploads/2015/05/20/OZLWYgwzoF8T90qX.jpg',0,'2015-05-20 13:01:56','2015-05-20 13:01:56'),(69,'0372-2.jpg','/uploads/2015/05/20/Emq4ljzXHyK0A4GD.jpg',0,'2015-05-20 13:02:00','2015-05-20 13:02:00'),(70,'0372-3.jpg','/uploads/2015/05/20/ZCGakWPlzwuWZa1r.jpg',0,'2015-05-20 13:02:05','2015-05-20 13:02:05'),(71,'0372-5.jpg','/uploads/2015/05/20/TPW7GRaMKyNzowMl.jpg',0,'2015-05-20 13:02:11','2015-05-20 13:02:11'),(72,'0372-6.jpg','/uploads/2015/05/20/WZx4Whd5FQrPCWMi.jpg',0,'2015-05-20 13:02:43','2015-05-20 13:02:43'),(73,'0373.jpg','/uploads/2015/05/20/k3QNkfRcX5V4y5yg.jpg',0,'2015-05-20 13:15:45','2015-05-20 13:15:45'),(74,'0374.jpg','/uploads/2015/05/20/mEZwM0oPcR6hbJaA.jpg',0,'2015-05-20 13:17:15','2015-05-20 13:17:15'),(75,'0375.jpg','/uploads/2015/05/20/QXfLhjmfCBsSDsSI.jpg',0,'2015-05-20 13:19:37','2015-05-20 13:19:37'),(76,'0376.jpg','/uploads/2015/05/20/qilSgw5DqRTgHTqV.jpg',0,'2015-05-20 13:21:03','2015-05-20 13:21:03'),(77,'0377.jpg','/uploads/2015/05/20/3AnOuL5HNpwDpoZ1.jpg',0,'2015-05-20 13:22:54','2015-05-20 13:22:54'),(78,'0378.jpg','/uploads/2015/05/20/2zYIsawc3c0gKwfr.jpg',0,'2015-05-20 13:28:15','2015-05-20 13:28:15'),(79,'0379.jpg','/uploads/2015/05/20/uNQtejBAUBKsXAsx.jpg',0,'2015-05-20 13:29:26','2015-05-20 13:29:26'),(80,'0380.jpg','/uploads/2015/05/20/Hvmrf5gOrSC5Zg2z.jpg',0,'2015-05-20 13:31:16','2015-05-20 13:31:16'),(81,'0381.jpg','/uploads/2015/05/20/a6h83PDAudog44Tu.jpg',0,'2015-05-20 13:33:17','2015-05-20 13:33:17'),(82,'0382.jpg','/uploads/2015/05/20/zpvlp9DFEyLurbxD.jpg',0,'2015-05-20 13:36:54','2015-05-20 13:36:54'),(83,'0383.jpg','/uploads/2015/05/20/qLPjYBZrmiwR5vvE.jpg',0,'2015-05-20 13:38:23','2015-05-20 13:38:23'),(84,'0384.jpg','/uploads/2015/05/20/UUDXC1utH4wz4eej.jpg',0,'2015-05-20 13:43:49','2015-05-20 13:43:49'),(85,'psb (1).jpg','/uploads/2015/05/20/2NO1AB4OpmJlEyCu.jpg',0,'2015-05-20 14:54:00','2015-05-20 14:54:00'),(86,'辜2.jpg','/uploads/2015/05/21/mbS5ZRcV6P1zctUD.jpg',1,'2015-05-21 05:27:35','2015-05-21 05:27:35'),(87,'辜2.jpg','/uploads/2015/05/21/LY7ZTeL1BDNImvFg.jpg',1,'2015-05-21 05:27:48','2015-05-21 05:27:48'),(88,'辜2.jpg','/uploads/2015/05/21/JT3AN7ceR9jh5a4y.jpg',1,'2015-05-21 05:27:56','2015-05-21 05:27:56'),(89,'辜1.jpg','/uploads/2015/05/21/uHWzRFJGQ4nHlR3L.jpg',0,'2015-05-21 05:28:02','2015-05-21 05:28:02'),(90,'0384.jpg','/uploads/2015/05/21/4GDTFzSuphvCgPxI.jpg',0,'2015-05-21 07:55:01','2015-05-21 07:55:01'),(91,'0373.jpg','/uploads/2015/05/21/dh3PUa49nZ3e4h2f.jpg',0,'2015-05-21 07:55:12','2015-05-21 07:55:12'),(92,'0384.jpg','/uploads/2015/05/21/iUh3rN73xuVsyLmL.jpg',0,'2015-05-21 07:55:48','2015-05-21 07:55:48'),(93,'0372-5.jpg','/uploads/2015/05/21/U1cUGq847FR0is4L.jpg',0,'2015-05-21 08:04:16','2015-05-21 08:04:16'),(94,'0372-5副本.jpg','/uploads/2015/05/21/p1nv4zSKOjhbIaKE.jpg',0,'2015-05-21 08:07:57','2015-05-21 08:07:57'),(95,'网页香港春拍主题图片-c6.jpg','/uploads/2015/05/21/uggooRjgfF3Y3r0V.jpg',0,'2015-05-21 08:13:58','2015-05-21 08:13:58'),(96,'网页香港春拍主题图片-c66.jpg','/uploads/2015/05/21/LVllLnGc37JGtkTM.jpg',0,'2015-05-21 08:15:57','2015-05-21 08:15:57'),(97,'网页香港春拍主题图片-c68.jpg','/uploads/2015/05/21/81IwC74F5BNzFvY5.jpg',0,'2015-05-21 08:16:19','2015-05-21 08:16:19'),(98,'网页香港春拍主题图片-c69.jpg','/uploads/2015/05/21/yppXTjvsTAmMP8Qi.jpg',0,'2015-05-21 08:20:39','2015-05-21 08:20:39'),(99,'1－1.png','/uploads/2015/05/21/zutRwFMbO4amj7Ca.png',1,'2015-05-21 08:24:32','2015-05-21 08:24:32'),(100,'1－2.png','/uploads/2015/05/21/GeCJnZBeNSa1XU5o.png',1,'2015-05-21 08:25:03','2015-05-21 08:25:03'),(101,'1－3.png','/uploads/2015/05/21/NldGMF3E4Kimg4Wr.png',1,'2015-05-21 08:26:43','2015-05-21 08:26:43'),(102,'1－4.png','/uploads/2015/05/21/p8l8tza4HnFnBooJ.png',1,'2015-05-21 08:27:38','2015-05-21 08:27:38'),(103,'1－5.png','/uploads/2015/05/21/rfVdgpbOSiocqDuV.png',1,'2015-05-21 08:28:34','2015-05-21 08:28:34'),(104,'1－6.png','/uploads/2015/05/21/jdezE7TfINQD63H4.png',1,'2015-05-21 08:30:18','2015-05-21 08:30:18'),(105,'1－7.png','/uploads/2015/05/21/CC8enZaOGNyda1B4.png',1,'2015-05-21 08:30:56','2015-05-21 08:30:56'),(106,'1－8.png','/uploads/2015/05/21/P8f4EgtQYjlphOHj.png',1,'2015-05-21 08:35:51','2015-05-21 08:35:51'),(107,'1－9.png','/uploads/2015/05/21/lstiH5d8dkpMoBLm.png',1,'2015-05-21 08:36:48','2015-05-21 08:36:48'),(108,'1－10.png','/uploads/2015/05/21/Ca7SxG0o3tWHrlU9.png',1,'2015-05-21 08:37:15','2015-05-21 08:37:15'),(109,'1－11.png','/uploads/2015/05/21/3m8e8yltUJW7sE2u.png',1,'2015-05-21 08:38:04','2015-05-21 08:38:04'),(110,'1－12.png','/uploads/2015/05/21/Kjc2yYj4IYfCot3F.png',1,'2015-05-21 08:38:47','2015-05-21 08:38:47'),(111,'1－14.png','/uploads/2015/05/21/LXCNcyWNXmGOw5VT.png',1,'2015-05-21 08:41:01','2015-05-21 08:41:01'),(112,'1－15.png','/uploads/2015/05/21/TVOL1VRbNYtKRUVC.png',1,'2015-05-21 08:43:32','2015-05-21 08:43:32'),(113,'1－16.png','/uploads/2015/05/21/PufgorHkc8RYLsbV.png',1,'2015-05-21 08:44:23','2015-05-21 08:44:23'),(114,'1－17.png','/uploads/2015/05/21/FGsvKWlszWmWYl1m.png',1,'2015-05-21 08:46:25','2015-05-21 08:46:25'),(115,'1－18.png','/uploads/2015/05/21/m2vGmP9wH7eB3N6h.png',1,'2015-05-21 08:47:09','2015-05-21 08:47:09'),(116,'1－1.jpg.png','/uploads/2015/05/21/pvVWpcCwILtMFX8X.png',1,'2015-05-21 11:25:27','2015-05-21 11:25:27'),(117,'1－2.png','/uploads/2015/05/21/NVC8EUJph4Yse1MN.png',1,'2015-05-21 11:25:36','2015-05-21 11:25:36'),(118,'1－3.png','/uploads/2015/05/21/A9HLtBgGnCLGPryk.png',1,'2015-05-21 11:38:30','2015-05-21 11:38:30'),(119,'1－3.png','/uploads/2015/05/21/IvUb8bWV3YZWl6f3.png',1,'2015-05-21 11:39:41','2015-05-21 11:39:41'),(120,'1－4.png','/uploads/2015/05/21/Tm7iDJFFsCOrCDU2.png',1,'2015-05-21 11:40:28','2015-05-21 11:40:28'),(121,'1－5.png','/uploads/2015/05/21/RaNKaJlIdK3zAdHt.png',1,'2015-05-21 11:41:01','2015-05-21 11:41:01'),(122,'1－6.png','/uploads/2015/05/21/KrBg0XfxzHNe0ITz.png',1,'2015-05-21 11:41:36','2015-05-21 11:41:36'),(123,'1－7.png','/uploads/2015/05/21/BNYb92iO56ipDk7k.png',1,'2015-05-21 11:41:54','2015-05-21 11:41:54'),(124,'1－8.png','/uploads/2015/05/21/wB1ksIOFI05YwBFH.png',1,'2015-05-21 11:42:35','2015-05-21 11:42:35'),(125,'1－9.png','/uploads/2015/05/21/b0w2AAUcMqFjI33O.png',1,'2015-05-21 11:43:04','2015-05-21 11:43:04'),(126,'1－10.png','/uploads/2015/05/21/jcWvfGswRW13yQsa.png',1,'2015-05-21 11:43:44','2015-05-21 11:43:44'),(127,'1－11.png','/uploads/2015/05/21/VMHTQgANqv8QKe0C.png',1,'2015-05-21 11:44:10','2015-05-21 11:44:10'),(128,'1－12.png','/uploads/2015/05/21/ogtYJG6uLpRdf0m5.png',1,'2015-05-21 11:44:40','2015-05-21 11:44:40'),(129,'1－13.png','/uploads/2015/05/21/uWGKGf30LuAlSQOV.png',1,'2015-05-21 11:45:10','2015-05-21 11:45:10'),(130,'1－14.png','/uploads/2015/05/21/4IuXOr9gnw0PgeVw.png',1,'2015-05-21 11:45:44','2015-05-21 11:45:44'),(131,'1－15.png','/uploads/2015/05/21/cRJeJDdILW640I15.png',1,'2015-05-21 11:46:03','2015-05-21 11:46:03'),(132,'1－16.png','/uploads/2015/05/21/J41DAxO9sFi5Xakk.png',1,'2015-05-21 11:46:24','2015-05-21 11:46:24'),(133,'古董珍玩-gaoguci.jpg','/uploads/2015/05/21/BmytMoWV7hCI6zut.jpg',0,'2015-05-21 12:05:47','2015-05-21 12:05:47'),(134,'网页香港春拍主题图片-c65.jpg','/uploads/2015/05/21/7EpHYHWqrEe7UIWV.jpg',0,'2015-05-21 12:06:06','2015-05-21 12:06:06'),(135,'0001.jpg','/uploads/2015/05/21/ze0pxy6opv2cafIX.jpg',0,'2015-05-21 12:20:49','2015-05-21 12:20:49'),(136,'0001.jpg','/uploads/2015/05/21/vgtFpB7pEcYeIqf9.jpg',0,'2015-05-21 12:54:49','2015-05-21 12:54:49'),(137,'0002.jpg','/uploads/2015/05/21/I2VuBd039DqFN8cP.jpg',0,'2015-05-21 12:57:09','2015-05-21 12:57:09'),(138,'0003.jpg','/uploads/2015/05/21/wMgLaEgvslEtu9ya.jpg',0,'2015-05-21 12:58:25','2015-05-21 12:58:25'),(139,'0004.jpg','/uploads/2015/05/21/L5DK4l0y8ZRP0n0A.jpg',0,'2015-05-21 13:00:51','2015-05-21 13:00:51'),(140,'0005.jpg','/uploads/2015/05/21/BsY4qun91Fd0ckLN.jpg',0,'2015-05-21 13:05:28','2015-05-21 13:05:28'),(141,'0006.jpg','/uploads/2015/05/21/2Oikcx0e9ux0vyK9.jpg',0,'2015-05-21 13:06:54','2015-05-21 13:06:54'),(142,'0007.jpg','/uploads/2015/05/21/o60zjr3ZWJtLd0gF.jpg',0,'2015-05-21 13:08:07','2015-05-21 13:08:07'),(143,'0008.jpg','/uploads/2015/05/21/T2AKPYQ4DaSX4AIn.jpg',0,'2015-05-21 13:09:16','2015-05-21 13:09:16'),(144,'0009.jpg','/uploads/2015/05/21/fEOmoidrpqSCQm38.jpg',0,'2015-05-21 13:10:14','2015-05-21 13:10:14'),(145,'0010.jpg','/uploads/2015/05/21/p6kuwrQx94mJEQsl.jpg',0,'2015-05-21 13:11:25','2015-05-21 13:11:25'),(146,'0011.jpg','/uploads/2015/05/21/TeR2CpsKLNL4k4bo.jpg',0,'2015-05-21 13:14:29','2015-05-21 13:14:29'),(147,'0012.jpg','/uploads/2015/05/21/1W31T6YvqTbW2Hxg.jpg',0,'2015-05-21 13:15:25','2015-05-21 13:15:25'),(148,'0012.jpg','/uploads/2015/05/21/U9wsmQlmfsKJcTg7.jpg',0,'2015-05-21 13:49:33','2015-05-21 13:49:33'),(149,'0013.jpg','/uploads/2015/05/21/qS9FrLqBvIcE26vS.jpg',0,'2015-05-21 13:50:49','2015-05-21 13:50:49'),(150,'0014.jpg','/uploads/2015/05/21/cqKaxYPCItR2wJGh.jpg',0,'2015-05-21 13:51:52','2015-05-21 13:51:52'),(151,'0015.jpg','/uploads/2015/05/21/N7XY5MlQOfMzziSG.jpg',0,'2015-05-21 13:52:58','2015-05-21 13:52:58'),(152,'0016.jpg','/uploads/2015/05/21/LKQqh8WZg2K7vnEH.jpg',0,'2015-05-21 13:54:03','2015-05-21 13:54:03'),(153,'0017.jpg','/uploads/2015/05/21/10pXuIR5Ye4bM1oJ.jpg',0,'2015-05-21 13:56:08','2015-05-21 13:56:08'),(154,'0018.jpg','/uploads/2015/05/21/INhxBoVHn31hx5KC.jpg',0,'2015-05-21 13:57:27','2015-05-21 13:57:27'),(155,'0019.jpg','/uploads/2015/05/21/HEVDheo3o0E6h6RH.jpg',0,'2015-05-21 13:58:25','2015-05-21 13:58:25'),(156,'0020.jpg','/uploads/2015/05/21/cwggvFoS27oycARy.jpg',0,'2015-05-21 13:59:17','2015-05-21 13:59:17'),(157,'0021.jpg','/uploads/2015/05/21/sYa885LmomyfBrcP.jpg',0,'2015-05-21 14:02:23','2015-05-21 14:02:23'),(158,'0022.jpg','/uploads/2015/05/21/zkuorcLdC1QpdzXh.jpg',0,'2015-05-21 14:04:04','2015-05-21 14:04:04'),(159,'0023.jpg','/uploads/2015/05/21/WNOs69AXtmO2JoD2.jpg',0,'2015-05-21 14:07:09','2015-05-21 14:07:09'),(160,'0012.jpg','/uploads/2015/05/21/A4eHgg4ilxt1Nh7J.jpg',0,'2015-05-21 14:10:22','2015-05-21 14:10:22');
/*!40000 ALTER TABLE `hb_attachments` ENABLE KEYS */;
UNLOCK TABLES;

--
-- Table structure for table `hb_auctions`
--

DROP TABLE IF EXISTS `hb_auctions`;
/*!40101 SET @saved_cs_client     = @@character_set_client */;
/*!40101 SET character_set_client = utf8 */;
CREATE TABLE `hb_auctions` (
  `id` int(10) unsigned NOT NULL AUTO_INCREMENT,
  `auction_name` varchar(100) COLLATE utf8_unicode_ci NOT NULL,
  `preview_begin_time` timestamp NOT NULL DEFAULT '0000-00-00 00:00:00',
  `preview_end_time` timestamp NOT NULL DEFAULT '0000-00-00 00:00:00',
  `auction_begin_time` timestamp NOT NULL DEFAULT '0000-00-00 00:00:00',
  `auction_end_time` timestamp NOT NULL DEFAULT '0000-00-00 00:00:00',
  `lang` tinyint(4) DEFAULT '0',
  `created_at` timestamp NOT NULL DEFAULT '0000-00-00 00:00:00',
  `updated_at` timestamp NOT NULL DEFAULT '0000-00-00 00:00:00',
  `auction_addr` varchar(100) COLLATE utf8_unicode_ci DEFAULT NULL,
  `auction_preview_addr` varchar(100) COLLATE utf8_unicode_ci DEFAULT NULL,
  PRIMARY KEY (`id`)
) ENGINE=InnoDB AUTO_INCREMENT=4 DEFAULT CHARSET=utf8 COLLATE=utf8_unicode_ci;
/*!40101 SET character_set_client = @saved_cs_client */;

--
-- Dumping data for table `hb_auctions`
--

LOCK TABLES `hb_auctions` WRITE;
/*!40000 ALTER TABLE `hb_auctions` DISABLE KEYS */;
INSERT INTO `hb_auctions` VALUES (1,'橫濱國際香港春季拍賣會','2015-05-29 02:00:00','2015-05-29 11:00:00','2015-05-30 02:00:00','2015-05-30 11:00:00',0,'2015-04-26 07:32:43','2015-05-21 07:55:01','香港灣仔港灣道1號萬麗海景酒店8樓宴會廳','香港灣仔港灣道1號萬麗海景酒店8樓宴會廳');
/*!40000 ALTER TABLE `hb_auctions` ENABLE KEYS */;
UNLOCK TABLES;

--
-- Table structure for table `hb_banners`
--

DROP TABLE IF EXISTS `hb_banners`;
/*!40101 SET @saved_cs_client     = @@character_set_client */;
/*!40101 SET character_set_client = utf8 */;
CREATE TABLE `hb_banners` (
  `id` int(10) unsigned NOT NULL AUTO_INCREMENT,
  `name` varchar(100) COLLATE utf8_unicode_ci NOT NULL,
  `image_url` varchar(300) COLLATE utf8_unicode_ci NOT NULL,
  `target_url` varchar(300) COLLATE utf8_unicode_ci NOT NULL,
  `order` int(11) NOT NULL,
  `enable` int(11) NOT NULL,
  `created_at` timestamp NOT NULL DEFAULT '0000-00-00 00:00:00',
  `updated_at` timestamp NOT NULL DEFAULT '0000-00-00 00:00:00',
  PRIMARY KEY (`id`)
) ENGINE=InnoDB AUTO_INCREMENT=10 DEFAULT CHARSET=utf8 COLLATE=utf8_unicode_ci;
/*!40101 SET character_set_client = @saved_cs_client */;

--
-- Dumping data for table `hb_banners`
--

LOCK TABLES `hb_banners` WRITE;
/*!40000 ALTER TABLE `hb_banners` DISABLE KEYS */;
INSERT INTO `hb_banners` VALUES (6,'1','/uploads/2015/05/21/uggooRjgfF3Y3r0V.jpg','',1,1,'2015-05-21 08:14:15','2015-05-21 08:14:15'),(7,'2','/uploads/2015/05/21/LVllLnGc37JGtkTM.jpg','',2,1,'2015-05-21 08:16:00','2015-05-21 08:16:00'),(8,'3','/uploads/2015/05/21/81IwC74F5BNzFvY5.jpg','',3,1,'2015-05-21 08:16:25','2015-05-21 08:16:25'),(9,'4','/uploads/2015/05/21/yppXTjvsTAmMP8Qi.jpg','',4,1,'2015-05-21 08:20:44','2015-05-21 08:20:44');
/*!40000 ALTER TABLE `hb_banners` ENABLE KEYS */;
UNLOCK TABLES;

--
-- Table structure for table `hb_materials`
--

DROP TABLE IF EXISTS `hb_materials`;
/*!40101 SET @saved_cs_client     = @@character_set_client */;
/*!40101 SET character_set_client = utf8 */;
CREATE TABLE `hb_materials` (
  `id` int(10) unsigned NOT NULL AUTO_INCREMENT,
  `created_at` timestamp NOT NULL DEFAULT '0000-00-00 00:00:00',
  `updated_at` timestamp NOT NULL DEFAULT '0000-00-00 00:00:00',
  `title` varchar(100) COLLATE utf8_unicode_ci NOT NULL,
  `content` text COLLATE utf8_unicode_ci NOT NULL,
  `lang` tinyint(4) NOT NULL,
  `published_at` timestamp NOT NULL DEFAULT '0000-00-00 00:00:00',
  `published` tinyint(4) DEFAULT '0',
  PRIMARY KEY (`id`)
) ENGINE=InnoDB AUTO_INCREMENT=4 DEFAULT CHARSET=utf8 COLLATE=utf8_unicode_ci;
/*!40101 SET character_set_client = @saved_cs_client */;

--
-- Dumping data for table `hb_materials`
--

LOCK TABLES `hb_materials` WRITE;
/*!40000 ALTER TABLE `hb_materials` DISABLE KEYS */;
INSERT INTO `hb_materials` VALUES (2,'2015-05-21 05:20:04','2015-05-21 05:20:04','测试材料','<p>册</p>',0,'0000-00-00 00:00:00',0),(3,'2015-05-21 05:24:23','2015-05-21 05:24:31','微软','<p>谔谔</p>',0,'2015-05-21 05:24:31',1);
/*!40000 ALTER TABLE `hb_materials` ENABLE KEYS */;
UNLOCK TABLES;

--
-- Table structure for table `hb_new_attachments`
--

DROP TABLE IF EXISTS `hb_new_attachments`;
/*!40101 SET @saved_cs_client     = @@character_set_client */;
/*!40101 SET character_set_client = utf8 */;
CREATE TABLE `hb_new_attachments` (
  `id` int(10) unsigned NOT NULL AUTO_INCREMENT,
  `attachment_id` int(10) unsigned NOT NULL,
  `new_id` int(10) unsigned NOT NULL,
  `created_at` timestamp NOT NULL DEFAULT '0000-00-00 00:00:00',
  `updated_at` timestamp NOT NULL DEFAULT '0000-00-00 00:00:00',
  PRIMARY KEY (`id`),
  KEY `hb_new_attachments_new_id_foreign` (`new_id`),
  KEY `hb_new_attachments_attachment_id_foreign` (`attachment_id`),
  CONSTRAINT `hb_new_attachments_attachment_id_foreign` FOREIGN KEY (`attachment_id`) REFERENCES `hb_attachments` (`id`) ON DELETE CASCADE,
  CONSTRAINT `hb_new_attachments_new_id_foreign` FOREIGN KEY (`new_id`) REFERENCES `hb_news` (`id`) ON DELETE CASCADE
) ENGINE=InnoDB DEFAULT CHARSET=utf8 COLLATE=utf8_unicode_ci;
/*!40101 SET character_set_client = @saved_cs_client */;

--
-- Dumping data for table `hb_new_attachments`
--

LOCK TABLES `hb_new_attachments` WRITE;
/*!40000 ALTER TABLE `hb_new_attachments` DISABLE KEYS */;
/*!40000 ALTER TABLE `hb_new_attachments` ENABLE KEYS */;
UNLOCK TABLES;

--
-- Table structure for table `hb_news`
--

DROP TABLE IF EXISTS `hb_news`;
/*!40101 SET @saved_cs_client     = @@character_set_client */;
/*!40101 SET character_set_client = utf8 */;
CREATE TABLE `hb_news` (
  `id` int(10) unsigned NOT NULL AUTO_INCREMENT,
  `title` varchar(100) COLLATE utf8_unicode_ci NOT NULL,
  `content` text COLLATE utf8_unicode_ci NOT NULL,
  `lang` tinyint(4) NOT NULL,
  `published_at` timestamp NOT NULL DEFAULT '0000-00-00 00:00:00',
  `published` tinyint(4) DEFAULT '0',
  `created_at` timestamp NOT NULL DEFAULT '0000-00-00 00:00:00',
  `updated_at` timestamp NOT NULL DEFAULT '0000-00-00 00:00:00',
  PRIMARY KEY (`id`)
) ENGINE=InnoDB AUTO_INCREMENT=8 DEFAULT CHARSET=utf8 COLLATE=utf8_unicode_ci;
/*!40101 SET character_set_client = @saved_cs_client */;

--
-- Dumping data for table `hb_news`
--

LOCK TABLES `hb_news` WRITE;
/*!40000 ALTER TABLE `hb_news` DISABLE KEYS */;
INSERT INTO `hb_news` VALUES (5,'橫濱香港15春拍丨古董珍玩專場精品預覽','<p>此次香港春拍秉持橫濱國際流傳有序 、精益求精的一貫理念，網羅東瀛奇珍三百餘件，彙聚中國書畫、古董珍玩、高古陶瓷、明清及近代瓷器等共計四個門類專場。誠摯邀請閣下光臨，共用橫濱國際香港2015春季之藝術盛宴。<br></p><p><b>古董珍玩專場精品預覽</b><br></p><p><b><br></b></p><p><img alt=\"1－1.png\" src=\"/uploads/2015/05/21/zutRwFMbO4amj7Ca.png\" data-image-size=\"724,1007\"><br></p><p><img alt=\"1－2.png\" src=\"/uploads/2015/05/21/GeCJnZBeNSa1XU5o.png\" data-image-size=\"690,461\"><br></p><p>清 早期</p><p>竹制高浮雕狩獵圖紋筆筒</p><p>H 17.7cm</p><p><i>參閱 《故宮博物院藏文物珍品全集：竹木牙雕刻》 圖頁35</i></p><p>此件筆筒鑲紫檀木口及底，外壁以通景形式刻狩獵圖，圖中山深林密，怪岩重迭，古松奇藤蒼勁，松桐濃茂，遠近疏密，錯落有致。獵手策馬馳騁，雄鹿驚竄，獵犬尋蹤。將清代帝王、貴族于每年秋冬兩季圍獵的情景真實的記錄下來。此器以高浮雕和鏤雕等多種技法雕成，人物、馬匹、動物的神態刻畫得細緻入微，毫髮畢現，為竹雕高手所制。<br></p><p><br></p><p><br></p><p><img alt=\"1－3.png\" src=\"/uploads/2015/05/21/NldGMF3E4Kimg4Wr.png\" data-image-size=\"540,1661\"><br></p><p>古渡沉香木大擺件<br></p><p>L 91cm<br></p><p>總重量19220g<br></p><p>沉香，又名“沉水香”，“水沉香”，古語寫作“沈香”。古話中常說的“沉檀龍麝‘之“沉”，就是指沉香。沉香香品高雅，而且十分難得，自古以來即被列為眾香之首。與檀香不同，沉香並不是一種木材，而是一類特殊的香樹“結”出的，混合了油脂（樹脂）成分和木質成分的固態凝聚物。沉香自古以來即為\"香\"的代表。沉香產於印度及中南半島地區，沉香\"諸香之王\"的美譽歷久不衰。由於沉香的珍貴及稀有性，使得它成為古代帝王或達官貴人的專屬品，使得一般人鮮少有機會接觸它。因為沉香的神奇藥效及美妙的香味，沉香成為國家間互送的最珍貴禮品，個人表現財富及品味的最佳象徵。在中國、韓國及日本的史書中，更是屢屢可見國王及富豪們對沉香的重視及熱愛。<br></p><p>此件拍品為日本藏家舊藏，唐宋古渡之物。此大椿沉香木，色澤深褐，略有黝黑，木質溫潤細膩，古樸悠遠，且品質之高體量之碩大，堪稱沉香中的王者，為極其珍惜的瑰寶。<br></p><p><br></p><p><br></p><p><img alt=\"1－4.png\" src=\"/uploads/2015/05/21/p8l8tza4HnFnBooJ.png\" data-image-size=\"849,694\"><br></p><p>清 乾隆</p><p>菩提十八子蜜蠟翡翠念珠</p><p>L 35cm</p><p>玄奘法師《大唐西域記》雲： 菩提樹者，即畢缽羅之樹也，昔佛在世，高數百尺，屢經殘伐，猶高四五丈，佛坐其下，成等正覺，因而謂之菩提樹（梵bodhivrksa）焉。“菩提”為梵語“bodhi”的音譯，意為“覺悟”。因而菩提樹的果實被認為是佛家聖物。手串，或稱念珠，亦稱佛珠，原為佛家消除煩惱和保障的佛珠。此串念珠取材菩提，18顆——俗稱“十八子”，此中所謂“十八”指的是“十八界”，即六根、六塵、六識。珠體均勻飽滿。上有一顆蜜蠟隔珠，珠圓色潤。下接翡翠佛頭，細膩溫潤。菩提子色澤呈深褐色，包漿潤澤自然、均勻、厚重，保存良好，手感柔滑。為朝廷達官貴人珍藏之上品。流傳至今，彌足珍貴。</p><p><br></p><p><br></p><p><img alt=\"1－5.png\" src=\"/uploads/2015/05/21/rfVdgpbOSiocqDuV.png\" data-image-size=\"838,844\"><br></p><p>明代</p><p>銅鎏金勝樂金剛像</p><p>H 26cm</p><p>勝樂金剛是藏密中瑜伽部的母續本尊，也是藏密四大派共修的本尊。亦名上樂金剛，勝樂金剛共有七十二種身相，此尊為四面十二臂造型。頭戴五顱冠，髻頂以摩尼寶莊嚴。每面各具三目，呈寂忿相。身著天衣，腰圍獸皮裙。主臂二手結吽迦羅印，左執鈴，右持杵，擁抱金剛亥母。明妃雙腿盤繞主尊腰間，左手捧嘎巴拉，右手原持鉞刀。勝樂佛父余手伸向兩側，持嘎巴拉、斧、鉞刀、三叉戟、繩索等法器，足踏大自在天神與大自在天妃，右展立於台座上。佛父象徵普遍法界的慈悲，佛母則代表卓越非凡的智慧，兩者觸碰在一起表示“悲智合一”的圓滿境界。</p><p><br></p><p><br></p><p><img alt=\"1－6.png\" src=\"/uploads/2015/05/21/jdezE7TfINQD63H4.png\" data-image-size=\"838,784\"><br></p><p>宋-元</p><p>銅制自在觀音像</p><p>通高 H 21cm </p><p>紫檀木托</p><p><br></p><p><br></p><p><img alt=\"1－7.png\" src=\"/uploads/2015/05/21/CC8enZaOGNyda1B4.png\" data-image-size=\"897,824\"><br></p><p>清 乾隆</p><p>白玉饕餮紋出戟朝冠耳三足蓋爐</p><p>H 12.5cm 帶木盒</p><p><b><i>附日本大正七年（西元1918年）購買票據</i></b></p><p>此拍品為清代中期製作的和田白玉饕餮紋三足鼎式爐，選材為優質的和田白玉，玉質潔白細膩，溫潤瑩潔。為整塊和田玉立體圓雕而成，工藝繁縟技藝精湛，清中期尤其以乾隆工為代表的宮廷玉器製作，代表了清代治玉的最高成就，也是中國玉器史中繁花似錦的又一高峰，一方面因為此時國力的昌盛，平定了大小和卓的叛亂，玉路的暢通，另一方面也可認為乾隆皇帝對玉器的癡迷，堪稱玉癡。遂所做玉器不惜工本，成就了古代中國令人高山仰止的玉器藝術高峰。</p><p>&nbsp;</p><p>因乾隆皇帝好古，所以此件玉器，做摹古雕琢為古鼎形制，分上下兩部分組成，其上為爐蓋，其上為柱狀鈕，鈕定之上高浮雕蟠龍，蟠龍威嚴肅穆。其下蓋身之上淺浮雕夔龍紋、饕餮紋，神秘古樸。整個蓋的造型如同將軍的頭盔，其內做子母口與器身相扣合。器身洗口束頸，圓肩弧形腹逐漸下收，其下承三獸面足。器身肩部鏤空圓雕兩方折的夔龍耳。器壁之上淺浮雕夔龍饕餮紋與上呼應，此件香爐整體造型端莊肅穆雍容華貴。此件玉器玉質之美、琢工之精、設計之妙、造型之奇開一代之先河。</p><p><br></p><p><br></p><p><br></p><p><img alt=\"1－8.png\" src=\"/uploads/2015/05/21/P8f4EgtQYjlphOHj.png\" data-image-size=\"816,645\"><br></p><p>清 乾隆</p><p>青玉碗</p><p>“大清乾隆年制”款</p><p>H 7.4、D 17cm</p><p>此件拍品為清代青白玉碗，整體造型雍容端莊，敞口、深腹、弧壁、淺圈足。底六字篆書“大清乾隆年制”。玉色青白，玉質溫潤細膩。選料講究，色澤純正溫潤，設計工整對稱，造型精巧雅致，雕工嚴謹規矩，線條婉約柔美而華麗。碗身之上有醒目的水銀沁色，好古之心古已有之，此件便為老提油玉器。老提油是對玉器進行人工作色的一種手法。人工作色始于宋代，明以前人工作色的行話叫做“老提油”，明以後叫“新提油”。據說北宋宣和政和年間，有人用甘肅深山中所產的一種紅光草，取其汗加入硵砂少許，醃于新琢成的玉器紋理之間，迭用新鮮竹枝燃火燒烤，使色入於玉器膚裡。古韻十足。</p><p><br></p><p><br></p><p><br></p><p><img alt=\"1－9.png\" src=\"/uploads/2015/05/21/lstiH5d8dkpMoBLm.png\" data-image-size=\"565,1367\"><br></p><p>明代</p><p>仲尼式古琴</p><p>“張愷”、 “禧”、 “微笑” 款</p><p>L 120.5cm</p><p><br></p><p><br></p><p><br></p><p><img alt=\"1－10.png\" src=\"/uploads/2015/05/21/Ca7SxG0o3tWHrlU9.png\" data-image-size=\"792,590\"><br></p><p>明代</p><p>剔紅人物紋菱花式盤</p><p>L 26.7cm</p><p>帶木盒</p><p>&nbsp;</p><p>盤菱花式，內外皆髹紅漆，紋飾從外到內大體可分為三層，盤沿內一圈紋飾為纏枝花卉紋飾，紋飾華麗繁縟，卻毫無堆疊雷同，花或怒放或含蕊，或正或側生機盎然，葉亦有翻卷陰陽向背，足見匠心。內一輪做包袱紋，其內開光剔刻庭院景色，山石台閣花鳥人物，盤中心一株梅樹淑梅朵朵，其上站立一隻綬帶鳥，有福壽綿延的美好寓意。其外廊台蜿蜒祥雲繚繞，週邊壽石古貌，五為天真爛漫的小童嬉耍與山石之上，五位小童也指代“五倫”為父子有親，君臣有義，夫婦有別，長幼有序，朋友有信。此器用漆精良，雕刻圓熟勁健，磨工精細光潔，地錦小巧，儘管無款，仍可將其定為明永代表作品，可參照北京故宮博物院藏“明永樂年間果園廠剔紅五禽圖菱花式盤”。</p><p><br></p><p><br></p><p><br></p><p><img alt=\"1－11.png\" src=\"/uploads/2015/05/21/3m8e8yltUJW7sE2u.png\" data-image-size=\"593,1018\"><br></p><p>清早期</p><p>竹雕仕女筆筒</p><p>H 14.5、D 9cm</p><p>此件為竹質筆筒，直口、直壁，口底相若，下承三足。其上淺浮雕“洛神”故事，取材于曹植所寫的《感甄賦》，後改為“洛神賦”。該筆筒所刻洛水微波滌蕩，江邊漣漪，水面上洛水女神“宓妃”。梳著高高的雲髻，步履輕盈地緩緩而來，目光顧盼，欲行又止。其身材適中，垂肩束腰，麗質天生，不假粉飾，雲髻修眉，唇齒鮮潤，明眸隱靨，容光煥發，加之羅衣燦爛，佩玉凝碧，明珠閃爍，輕裾拂動，更顯得“瓌姿豔逸，儀靜體閑”。神情刻畫得惟妙惟肖，衣服柔軟飄揚舞，得“吳帶當風”的神妙。竹色棕紅，刀法精湛，是傳世清代竹雕的傑作。</p><p><br></p><p><br></p><p><br></p><p><br></p><p><img alt=\"1－12.png\" src=\"/uploads/2015/05/21/Kjc2yYj4IYfCot3F.png\" data-image-size=\"444,1188\"><br></p><p>清 早期</p><p>張希黃款竹雕留青山水紋臂擱</p><p>題識“戊辰紀元希黃子”、“希黃”款</p><p>L 24.7、 W 7.1cm</p><p>採用留青竹刻技法，運刀如筆，所刻圖景營造的意境猶如中國傳統水墨畫一般，遠山巍峨，古樹參天，怪石嶙峋；山石、古樹、石橋、亭台、人物，由遠及近，參差錯落，留白之處恰做流水，給人們展現了一幅深遠曠達的山水景致。與宋代界畫相比，也毫不遜色，而且更富變化。整個作品嚴謹工整，一氣呵成，小巧玲瓏，可玩賞於手掌之中，而其內容層次之豐富，形象之逼真，刻劃之細膩，非聖手大家而莫能為。<br></p><p>&nbsp;</p><p>該臂擱作者張希黃，本名宗略，字希黃，號希黃子。明末清初時浙江嘉興人。他以竹的表皮作書畫，成績斐然，世稱留青竹雕，亦稱希黃為“留青聖手”。該竹雕臂擱，採取青筠全留、多留、少留或不留的不同手法，以服從畫面內容的需要，分出層次。經年之後形成色彩從深到淺、自然退暈的效果，把國畫在紙面上體現的濃淡色澤變化，巧妙地反映到竹刻中來，使留青圖紋兼備筆墨神韻和雕刻趣味。張希黃的留青竹刻帶有濃厚的文人氣息，並且影響和帶動了一大批竹雕藝人，最終形成高雅淡泊、巧而不媚的浙派風格，堪與嘉定派、金陵派並駕齊驅。</p><p><br></p><p><br></p><p><br></p><p><img alt=\"1－14.png\" src=\"/uploads/2015/05/21/LXCNcyWNXmGOw5VT.png\" data-image-size=\"724,905\"><br></p><p>越南沉香擺件</p><p>總重量 423g</p><p><br></p><p><br></p><p><br></p><p><img alt=\"1－15.png\" src=\"/uploads/2015/05/21/TVOL1VRbNYtKRUVC.png\" data-image-size=\"749,382\"><br></p><p>田黃二方</p><p>邊款 “叔均作”</p><p>尺寸不一 總重量：85.5g</p><p>田黃石隨形印章兩枚，根據章料的本來形狀，稍加雕琢而形成。一枚其上運用薄意的方法，雕琢山石雲水紋，另外一枚修磨光素，其上無紋飾，陰文鐫刻“叔均作”，叔均為翁大年的字，翁大年（1760—1842）清代篆刻家。初名鴻，字叔鈞，又字叔均，號陶齋，江蘇吳江人。精考證，篆刻取法秦漢，結體工致妥貼。側款作小楷，頗有韻致。底部鐫刻陽文“金石錄十卷人家”清初藏書家馮文昌，家藏書甚富，因藏有宋槧本《金石錄》十卷本，因該書十分珍貴，他極為珍愛，被當做鎮堂之寶而加以珍藏。篆刻一專門印章為“金石錄十卷人家。”長箋短劄，帖尾書頭，每每用之，傳為笑談。<br></p><p><br></p><p><br></p><p><br></p><p><img alt=\"1－16.png\" src=\"/uploads/2015/05/21/PufgorHkc8RYLsbV.png\" data-image-size=\"863,655\"><br></p><p>田黃蝙蝠紋印材</p><p>L 4.5、H 3.5cm</p><p>此件田黃石，系自然塊狀獨石，外觀形似卵石，依照原型略加修磨雕琢，淺浮雕山水蝙蝠紋飾，兩隻蝙蝠翱翔于山石雲水之間，意境清幽祥瑞，倍加絢麗奪目。色黃中略泛紅，如同老蜜，但比蜜蠟溫婉可親。肌理蘊極細緻之蘿蔔紋，綿密而欲化。有細碎的雲霧狀紅點。其質純優，凝靈成凍，稍經摩挲便覺細膩滋潤。潘主蘭先生詩雲：“吾閩尤物是天生，見說田黃莫與京。可望有三溫淨膩，絕非誇人敵傾城。</p><p><br></p><p><br></p><p><img alt=\"1－17.png\" src=\"/uploads/2015/05/21/FGsvKWlszWmWYl1m.png\" data-image-size=\"804,1108\"><br></p><p>田黃流水紋印材</p><p>H 4cm</p><p>此件田黃石質地溫潤凝結，細膩通靈，色澤金黃，局部泛有紅暈。隨石形構圖，薄意雕刻。其上雕琢紋飾如行雲似流水。意境恬淡優雅，韻味十足。薄意雕刻，因其雕層淺薄且意境深邃，故而取“薄意”之名。薄意藝術在完整保留原石造型和質料潤美的前提下，通過精心構思，細膩刻畫，加之流利嫺熟的刀法將花紋以外的石面做輕輕的剔刮，是圖像微微隆起，形成薄如紙，影影綽綽的畫面，具有遠觀形色，近觀雕技的特殊藝術效果。方寸之間，容千里景色，運刀入微，見高超技藝。故雲：薄意，並非一味最求“薄”，更注重於“意”。</p><p><br></p><p><br></p><p><br></p><p><img alt=\"1－18.png\" src=\"/uploads/2015/05/21/m2vGmP9wH7eB3N6h.png\" data-image-size=\"790,613\"><br></p><p>明末清初</p><p>孟臣款紫砂大壺</p><p>“花雜春濤水氣香----孟臣制”款</p><p>&nbsp;荊溪惠孟臣是明代天啟、崇禎間（ 1621-1644）宜興制壺名手，清．吳騫《陽羨名陶錄．家溯》﹕「惠孟臣，不詳何時人，善仿古器，書法亦工。」日．奧蘭田《茗壺圖錄》：「鳴遠、孟臣，名尤顯。……在日本，重煎茶小壺，凡刻有惠孟臣、陳鳴遠、陳曼生等名字者，都受到珍愛。」民國．李景康、張虹《陽羨砂壺圖考．別傳》﹕孟臣制壺「渾樸工致兼而有之，泥質朱紫者多，白泥者少。出品則小壺多，中壺少，大壺最罕。筆法絕類褚河南，惟細考傳器，行、楷書法不一，竹刀鋼刀並用，要不離唐賢風格，仿製者雖精，書法究不逮也。」此件孟臣款紫砂壺，為朱泥質紫砂壺，類“合歡”壺型。以合鑔為樣，合歡為名，出合歡壺，以朱泥造之，通體大紅，富含吉祥與幸福之意。此壺極富天趣，取皆大歡喜之意，此壺風格綺麗，可謂霧余水畔，紅杏在林。典美精工，餘味無窮。底鐫刻行書“花雜春濤水氣香--孟臣制”款。</p><p><br></p><p><br></p><hr><p><strong>橫濱國際香港</strong><strong>2015</strong><strong>春季拍賣會</strong><br></p><p>預展 ‖ 5月29日（星期五） </p><p>拍賣 ‖ 5月30日（星期六）</p><p><strong>預展及拍賣地點</strong></p><p>香港灣仔港灣道1號萬麗海景酒店8樓宴會廳</p><p><b>拍賣場次</b></p><p>瓷苑擷珍&nbsp;——&nbsp;瓷器精品專場</p><p>稽韻千古&nbsp;——&nbsp;高古陶瓷專場</p><p>物華天寶&nbsp;——&nbsp;古董珍玩專場</p><p>丹青不渝&nbsp;——&nbsp;中國書畫專場</p><p>-----------------------------------------------</p><p>&nbsp;</p>',0,'2015-05-21 08:48:17',1,'2015-05-21 04:12:59','2015-05-21 08:48:17'),(7,'横滨香港15春拍丨高古陶瓷精品预览','<p>橫濱國際將於5月29-30日于「香港萬麗海景酒店」舉行「香港2015年春季拍賣會」。</p><p>此次香港春拍秉持橫濱國際流傳有序 、精益求精的一貫理念，網羅東瀛奇珍三百餘件，彙聚中國書畫、古董珍玩、高古陶瓷、明清及近代瓷器等共計四個門類專場。其中日本藏家藤本俊一氏珍藏數十載的高古陶瓷，久曆千年風霜件件清雅脫俗、樸淳如昔，亦為資深藏家的醉心之選。</p><p><br></p><p><b>高古陶瓷精品預覽</b><br></p><p><b><br></b></p><p><img alt=\"1－1.jpg.png\" src=\"/uploads/2015/05/21/pvVWpcCwILtMFX8X.png\" data-image-size=\"829,869\"><br></p><p><br></p><p><img alt=\"1－2.png\" src=\"/uploads/2015/05/21/NVC8EUJph4Yse1MN.png\" data-image-size=\"849,491\"><br></p><p></p><p>南宋</p><p>龍泉窯茶碗</p><p>D 13cm </p><p>帶木盒</p><p><br></p><p><br></p><p><img alt=\"1－3.png\" src=\"/uploads/2015/05/21/IvUb8bWV3YZWl6f3.png\" data-image-size=\"850,665\"><br></p><p>宋代 </p><p>定窯黑釉茶盞</p><p>D11.5m 帶木盒</p><p><i>來源：日本藏家藤本俊一先生提供</i></p><p><br></p><p><br></p><p><br></p><p><img alt=\"1－4.png\" src=\"/uploads/2015/05/21/Tm7iDJFFsCOrCDU2.png\" data-image-size=\"854,850\"><br></p><p>宋代 </p><p>定窯暗刻花卉紋葵口碗</p><p>D20.8cm 帶木盒</p><p><b><i>來源：日本藏家藤本俊一先生提供</i></b></p><p><br></p><p><br></p><p><br></p><p><img alt=\"1－5.png\" src=\"/uploads/2015/05/21/RaNKaJlIdK3zAdHt.png\" data-image-size=\"760,782\"><br></p><p>北宋 </p><p>定窯刻花紋盤</p><p>D24cm 帶木盒</p><p><b><i>來源：日本藏家藤本俊一先生提供</i></b></p><p><br></p><p><br></p><p><br></p><p><img alt=\"1－6.png\" src=\"/uploads/2015/05/21/KrBg0XfxzHNe0ITz.png\" data-image-size=\"727,738\"></p><p><img alt=\"1－7.png\" src=\"/uploads/2015/05/21/BNYb92iO56ipDk7k.png\" data-image-size=\"783,583\"><br></p><p>宋代 </p><p>鈞窯天青釉紫斑碗</p><p>D19cm 帶木盒</p><p><b><i>來源：日本藏家藤本俊一先生提供</i></b></p><p><b><i><br></i></b></p><p><b><i><br></i></b></p><p><b><i><br></i></b></p><p><b><i><br></i></b></p><p><img alt=\"1－8.png\" src=\"/uploads/2015/05/21/wB1ksIOFI05YwBFH.png\" data-image-size=\"574,1109\"><br></p><p>宋代 </p><p>磁州窯白釉剔牡丹花卉紋梅瓶</p><p>H42.8cm 帶木托 木盒</p><p><b><i>來源：日本藏家藤本俊一先生提供</i></b></p><p><b><i><br></i></b></p><p><b><i><br></i></b></p><p><b><i><br></i></b></p><p><b><i><br></i></b></p><p><img alt=\"1－9.png\" src=\"/uploads/2015/05/21/b0w2AAUcMqFjI33O.png\" data-image-size=\"805,816\"><br></p><p>宋代 </p><p>定窯暗刻雙魚葵口盤</p><p>D21cm 帶木盒</p><p><b><i>來源：日本藏家藤本俊一先生提供</i></b></p><p><br></p><p><br></p><p><br></p><p><img alt=\"1－10.png\" src=\"/uploads/2015/05/21/jcWvfGswRW13yQsa.png\" data-image-size=\"828,868\"><br></p><p>北宋 </p><p>定窯白瓷高臺茶盞</p><p>H11.2cm 帶木盒</p><p><b><i>來源：日本藏家藤本俊一先生提供</i></b></p><p><br></p><p><br></p><p><br></p><p><img alt=\"1－11.png\" src=\"/uploads/2015/05/21/VMHTQgANqv8QKe0C.png\" data-image-size=\"788,673\"><br></p><p>五代 </p><p>越窯暗刻花卉紋蓋盒</p><p>D13.7cm 帶木盒</p><p><b><i>來源：日本藏家藤本俊一先生提供</i></b></p><p>&nbsp;</p><p><br></p><p><br></p><p><img alt=\"1－12.png\" src=\"/uploads/2015/05/21/ogtYJG6uLpRdf0m5.png\" data-image-size=\"788,606\"><br></p><p>西晉 </p><p>越窯三足香爐 </p><p>H7.6cm 帶木盒</p><p><b><i>來源：日本藏家藤本俊一先生提供</i></b></p><p><b><i><br></i></b></p><p><b><i><br></i></b></p><p><b><i><br></i></b></p><p><b><i><br></i></b></p><p><img alt=\"1－13.png\" src=\"/uploads/2015/05/21/uWGKGf30LuAlSQOV.png\" data-image-size=\"719,767\"><br></p><p>五代 </p><p>耀州窯暗刻花卉雙系罐</p><p>H10cm 帶木盒</p><p><b><i>來源：日本藏家藤本俊一先生提供</i></b></p><p>&nbsp;</p><p><br></p><p><br></p><p><img alt=\"1－14.png\" src=\"/uploads/2015/05/21/4IuXOr9gnw0PgeVw.png\" data-image-size=\"616,1009\"><br></p><p>唐代 </p><p>三彩雙龍耳瓶</p><p>通高 H40cm</p><p>帶木托、木盒</p><p><br></p><p><br></p><p><br></p><p><img alt=\"1－15.png\" src=\"/uploads/2015/05/21/cRJeJDdILW640I15.png\" data-image-size=\"697,877\"><br></p><p>宋代 </p><p>龍泉窯黃釉三足香爐</p><p>H10cm </p><p>帶木托 木盒</p><p><br></p><p><br></p><p><br></p><p><img alt=\"1－16.png\" src=\"/uploads/2015/05/21/J41DAxO9sFi5Xakk.png\" data-image-size=\"832,750\"><br></p><p>宋代 </p><p>窯變天目茶碗</p><p>D11.9cm 帶雙木盒</p><p>&nbsp;</p><p>&nbsp;<br><br></p><hr><p><strong>橫濱國際香港</strong><strong>2015</strong><strong>春季拍賣會</strong></p><p>預展 ‖ 5月29日（星期五） </p><p>拍賣 ‖ 5月30日（星期六）</p><p><strong>預展及拍賣地點</strong></p><p>香港灣仔港灣道1號萬麗海景酒店8樓宴會廳</p><p><b>拍賣場次</b></p><p>瓷苑擷珍&nbsp;——&nbsp;瓷器精品專場</p><p>稽韻千古&nbsp;——&nbsp;高古陶瓷專場</p><p>物華天寶&nbsp;——&nbsp;古董珍玩專場</p><p>丹青不渝&nbsp;——&nbsp;中國書畫專場</p><p>-----------------------------------------------</p><p>&nbsp;</p>',0,'0000-00-00 00:00:00',0,'2015-05-21 11:26:53','2015-05-21 11:47:08');
/*!40000 ALTER TABLE `hb_news` ENABLE KEYS */;
UNLOCK TABLES;

--
-- Table structure for table `migrations`
--

DROP TABLE IF EXISTS `migrations`;
/*!40101 SET @saved_cs_client     = @@character_set_client */;
/*!40101 SET character_set_client = utf8 */;
CREATE TABLE `migrations` (
  `migration` varchar(255) COLLATE utf8_unicode_ci NOT NULL,
  `batch` int(11) NOT NULL
) ENGINE=InnoDB DEFAULT CHARSET=utf8 COLLATE=utf8_unicode_ci;
/*!40101 SET character_set_client = @saved_cs_client */;

--
-- Dumping data for table `migrations`
--

LOCK TABLES `migrations` WRITE;
/*!40000 ALTER TABLE `migrations` DISABLE KEYS */;
INSERT INTO `migrations` VALUES ('2014_10_12_000000_create_users_table',1),('2014_10_12_100000_create_password_resets_table',1),('2015_04_05_040046_create_hb_news_table',1),('2015_04_05_080701_create_hb_attachments_table',1),('2015_04_05_083350_create_hb_new_attachments_table',1),('2015_04_08_123049_create_hb_auctions_table',1),('2015_04_08_221939_create_hb_asas_table',1),('2015_04_08_221940_create_hb_artworks_table',1),('2015_04_12_132052_create_hb_banners_table',1),('2015_04_12_132819_create_hb_ads_table',1),('2015_04_14_211409_create_hb_art_atts_table',1),('2015_04_29_202424_create_hb_materials_table',2);
/*!40000 ALTER TABLE `migrations` ENABLE KEYS */;
UNLOCK TABLES;

--
-- Table structure for table `password_resets`
--

DROP TABLE IF EXISTS `password_resets`;
/*!40101 SET @saved_cs_client     = @@character_set_client */;
/*!40101 SET character_set_client = utf8 */;
CREATE TABLE `password_resets` (
  `email` varchar(255) COLLATE utf8_unicode_ci NOT NULL,
  `token` varchar(255) COLLATE utf8_unicode_ci NOT NULL,
  `created_at` timestamp NOT NULL DEFAULT '0000-00-00 00:00:00',
  KEY `password_resets_email_index` (`email`),
  KEY `password_resets_token_index` (`token`)
) ENGINE=InnoDB DEFAULT CHARSET=utf8 COLLATE=utf8_unicode_ci;
/*!40101 SET character_set_client = @saved_cs_client */;

--
-- Dumping data for table `password_resets`
--

LOCK TABLES `password_resets` WRITE;
/*!40000 ALTER TABLE `password_resets` DISABLE KEYS */;
/*!40000 ALTER TABLE `password_resets` ENABLE KEYS */;
UNLOCK TABLES;

--
-- Table structure for table `users`
--

DROP TABLE IF EXISTS `users`;
/*!40101 SET @saved_cs_client     = @@character_set_client */;
/*!40101 SET character_set_client = utf8 */;
CREATE TABLE `users` (
  `id` int(10) unsigned NOT NULL AUTO_INCREMENT,
  `name` varchar(255) COLLATE utf8_unicode_ci NOT NULL,
  `email` varchar(255) COLLATE utf8_unicode_ci NOT NULL,
  `password` varchar(60) COLLATE utf8_unicode_ci NOT NULL,
  `remember_token` varchar(100) COLLATE utf8_unicode_ci DEFAULT NULL,
  `created_at` timestamp NOT NULL DEFAULT '0000-00-00 00:00:00',
  `updated_at` timestamp NOT NULL DEFAULT '0000-00-00 00:00:00',
  PRIMARY KEY (`id`),
  UNIQUE KEY `users_email_unique` (`email`)
) ENGINE=InnoDB AUTO_INCREMENT=2 DEFAULT CHARSET=utf8 COLLATE=utf8_unicode_ci;
/*!40101 SET character_set_client = @saved_cs_client */;

--
-- Dumping data for table `users`
--

LOCK TABLES `users` WRITE;
/*!40000 ALTER TABLE `users` DISABLE KEYS */;
INSERT INTO `users` VALUES (1,'admin','admin@admin.com','$2y$10$kxpPB3OxZvX2hn5oD1LrhukXfStxVud.manjfXHxBIDrLi/pkOHo2','3QEGyHNmOVocL4uY3AjzfHWYnuXMJoObruxfNu9kmh0Z1s51rhZxpXTl3bBH','2015-04-27 06:06:12','2015-05-19 06:44:24');
/*!40000 ALTER TABLE `users` ENABLE KEYS */;
UNLOCK TABLES;
/*!40103 SET TIME_ZONE=@OLD_TIME_ZONE */;

/*!40101 SET SQL_MODE=@OLD_SQL_MODE */;
/*!40014 SET FOREIGN_KEY_CHECKS=@OLD_FOREIGN_KEY_CHECKS */;
/*!40014 SET UNIQUE_CHECKS=@OLD_UNIQUE_CHECKS */;
/*!40101 SET CHARACTER_SET_CLIENT=@OLD_CHARACTER_SET_CLIENT */;
/*!40101 SET CHARACTER_SET_RESULTS=@OLD_CHARACTER_SET_RESULTS */;
/*!40101 SET COLLATION_CONNECTION=@OLD_COLLATION_CONNECTION */;
/*!40111 SET SQL_NOTES=@OLD_SQL_NOTES */;

-- Dump completed on 2015-05-21 23:14:13
